player_name,normalized_player_name,nationality,season,competition,club_raw,appearances,goals,minutes,age_in_season,position,assists,goals_plus_assists,goals_minus_pk,penalty_goals,penalty_attempts,starts,sub_appearances,nineties_played,player_uid,multi_club_key,player_name_raw,player_name_used_for_search,reason_unresolved,candidate_players
GastÃ³n RamÃ­rez,gasta³n rama­rez,uy URU,2014/15,Premier League,2 Teams,23,1,1015,23,"FW,MF",2,3,1,0,0,11,12,11.3,gasta³n rama­rez|uy uru|1991,gasta³n rama­rez|2014/15,GastÃ³n RamÃ­rez,Gaston Ramirez,No player matches found,[]
Matthew Jarvis,matthew jarvis,eng ENG,2015/16,Premier League,2 Teams,22,1,1093,29,MF,1,2,1,0,0,13,9,12.1,matthew jarvis|eng eng|1986,matthew jarvis|2015/16,Matthew Jarvis,Matthew Jarvis,No player matches found,[]
Jaden Philogene Bidace,jaden philogene bidace,eng ENG,2024/25,Premier League,2 Teams,21,2,806,22,MF,0,2,2,0,0,7,14,9,jaden philogene bidace|eng eng|2002,jaden philogene bidace|2024/25,Jaden Philogene Bidace,Jaden Philogene Bidace,No player matches found,[]
Rick Holden,rick holden,eng ENG,1993/94,Premier League,2 Teams,38,6,3301,28,MF,6,12,5,1,2,37,1,36.7,rick holden|eng eng|1965,rick holden|1993/94,Rick Holden,Rick Holden,Season not found in SportMonks,[]
Peter Beagrie,peter beagrie,eng ENG,1993/94,Premier League,2 Teams,38,5,3256,27,FW,7,12,,,,38,0,36.2,peter beagrie|eng eng|1966,peter beagrie|1993/94,Peter Beagrie,Peter Beagrie,Season not found in SportMonks,[]
Phil Babb,phil babb,ie IRL,1994/95,Premier League,2 Teams,37,0,3197,23,DF,1,1,0,0,0,36,1,35.5,phil babb|ie irl|1971,phil babb|1994/95,Phil Babb,Phil Babb,Season not found in SportMonks,[]
Emerson Thome,emerson thome,br BRA,1999/00,Premier League,2 Teams,37,0,3141,27,DF,1,1,0,0,0,34,3,34.9,emerson thome|br bra|1972,emerson thome|1999/00,Emerson Thome,Emerson Thome,Season not found in SportMonks,[]
Jeff Kenna,jeff kenna,ie IRL,1994/95,Premier League,2 Teams,37,1,3290,23,DF,5,6,,,,37,0,36.6,jeff kenna|ie irl|1971,jeff kenna|1994/95,Jeff Kenna,Jeff Kenna,Season not found in SportMonks,[]
Terry Phelan,terry phelan,ie IRL,1995/96,Premier League,2 Teams,21,0,1840,28,DF,1,1,,,,21,0,20.4,terry phelan|ie irl|1967,terry phelan|1995/96,Terry Phelan,Terry Phelan,Season not found in SportMonks,[]
Colin Calderwood,colin calderwood,sct SCO,1998/99,Premier League,2 Teams,20,0,1631,33,DF,0,0,0,0,0,19,1,18.1,colin calderwood|sct sco|1965,colin calderwood|1998/99,Colin Calderwood,Colin Calderwood,Season not found in SportMonks,[]
Duncan Ferguson,duncan ferguson,sct SCO,1998/99,Premier League,2 Teams,20,6,1686,26,FW,0,6,,,,20,0,18.7,duncan ferguson|sct sco|1972,duncan ferguson|1998/99,Duncan Ferguson,Duncan Ferguson,Season not found in SportMonks,[]
Anders Limpar,anders limpar,se SWE,1993/94,Premier League,2 Teams,19,0,1553,27,MF,3,3,0,0,0,18,1,17.3,anders limpar|se swe|1966,anders limpar|1993/94,Anders Limpar,Anders Limpar,Season not found in SportMonks,[]
Paolo Di Canio,paolo di canio,it ITA,1998/99,Premier League,2 Teams,19,7,1526,30,FW,2,9,7,0,0,17,2,17,paolo di canio|it ita|1968,paolo di canio|1998/99,Paolo Di Canio,Paolo Di Canio,Season not found in SportMonks,[]
Andy Sinton,andy sinton,eng ENG,1995/96,Premier League,2 Teams,19,0,1383,29,MF,1,1,,,,15,4,15.4,andy sinton|eng eng|1966,andy sinton|1995/96,Andy Sinton,Andy Sinton,Season not found in SportMonks,[]
Christian Dailly,christian dailly,sct SCO,1998/99,Premier League,2 Teams,18,0,1334,24,DF,0,0,0,0,0,15,3,14.8,christian dailly|sct sco|1974,christian dailly|1998/99,Christian Dailly,Christian Dailly,Season not found in SportMonks,[]
David Batty,david batty,eng ENG,1998/99,Premier League,2 Teams,18,0,1482,29,MF,0,0,0,0,0,16,2,16.5,david batty|eng eng|1969,david batty|1998/99,David Batty,David Batty,Season not found in SportMonks,[]
John Salako,john salako,eng ENG,1997/98,Premier League,2 Teams,18,0,1122,28,MF,1,1,0,0,0,11,7,12.5,john salako|eng eng|1969,john salako|1997/98,John Salako,John Salako,Season not found in SportMonks,[]
Terry Phelan,terry phelan,ie IRL,1996/97,Premier League,2 Teams,18,0,1387,29,DF,0,0,0,0,0,16,2,15.4,terry phelan|ie irl|1967,terry phelan|1996/97,Terry Phelan,Terry Phelan,Season not found in SportMonks,[]
Ronny Rosenthal,ronny rosenthal,il ISR,1993/94,Premier League,2 Teams,18,2,1101,29,"FW,MF",2,4,2,0,0,11,7,12.2,ronny rosenthal|il isr|1964,ronny rosenthal|1993/94,Ronny Rosenthal,Ronny Rosenthal,Season not found in SportMonks,[]
Nigel Clough,nigel clough,eng ENG,1995/96,Premier League,2 Teams,17,2,1443,29,"FW,MF",3,5,,,,16,1,16,nigel clough|eng eng|1966,nigel clough|1995/96,Nigel Clough,Nigel Clough,Season not found in SportMonks,[]
Paul Kitson,paul kitson,eng ENG,1996/97,Premier League,2 Teams,17,8,1307,25,FW,2,10,8,0,0,14,3,14.5,paul kitson|eng eng|1971,paul kitson|1996/97,Paul Kitson,Paul Kitson,Season not found in SportMonks,[]
Gordon Strachan,gordon strachan,sct SCO,1994/95,Premier League,2 Teams,17,0,847,37,MF,3,3,0,0,0,16,1,9.4,gordon strachan|sct sco|1957,gordon strachan|1994/95,Gordon Strachan,Gordon Strachan,Season not found in SportMonks,[]
John Pemberton,john pemberton,eng ENG,1993/94,Premier League,2 Teams,17,0,1335,28,DF,0,0,0,0,0,14,3,14.8,john pemberton|eng eng|1965,john pemberton|1993/94,John Pemberton,John Pemberton,Season not found in SportMonks,[]
Graham Fenton,graham fenton,eng ENG,1995/96,Premier League,2 Teams,17,6,648,21,MF,2,8,,,,4,13,7.2,graham fenton|eng eng|1974,graham fenton|1995/96,Graham Fenton,Graham Fenton,Season not found in SportMonks,[]
LuÃ­s Boa Morte,lua­s boa morte,pt POR,1999/00,Premier League,2 Teams,16,1,604,21,"FW,MF",1,2,1,0,0,6,10,6.7,lua­s boa morte|pt por|1978,lua­s boa morte|1999/00,LuÃ­s Boa Morte,Luis Boa Morte,Season not found in SportMonks,[]
Perry Groves,perry groves,eng ENG,1992/93,Premier League,2 Teams,16,2,1039,27,MF,1,3,2,0,0,13,3,11.5,perry groves|eng eng|1965,perry groves|1992/93,Perry Groves,Perry Groves,Season not found in SportMonks,[]
John Scales,john scales,eng ENG,1996/97,Premier League,2 Teams,15,0,1142,30,DF,1,1,0,0,0,13,2,12.7,john scales|eng eng|1966,john scales|1996/97,John Scales,John Scales,Season not found in SportMonks,[]
Darren Beckford,darren beckford,eng ENG,1992/93,Premier League,2 Teams,15,4,1091,25,FW,1,5,4,0,0,13,2,12.1,darren beckford|eng eng|1967,darren beckford|1992/93,Darren Beckford,Darren Beckford,Season not found in SportMonks,[]
Franz Carr,franz carr,eng ENG,1994/95,Premier League,2 Teams,15,1,1011,27,"FW,MF",1,2,1,0,0,12,3,11.2,franz carr|eng eng|1967,franz carr|1994/95,Franz Carr,Franz Carr,Season not found in SportMonks,[]
SaÅ¡a ÄurÄiÄ,saa¡a auraia,,1997/98,Premier League,2 Teams,15,1,755,25,MF,1,2,1,0,0,9,6,8.4,saa¡a auraia||1972,saa¡a auraia|1997/98,SaÅ¡a ÄurÄiÄ,SaA¡a AurAiA,Season not found in SportMonks,[]
Paul Warhurst,paul warhurst,eng ENG,1993/94,Premier League,2 Teams,13,0,736,23,"DF,MF",1,1,0,0,0,8,5,8.2,paul warhurst|eng eng|1970,paul warhurst|1993/94,Paul Warhurst,Paul Warhurst,Season not found in SportMonks,[]
Alan Wright,alan wright,eng ENG,1994/95,Premier League,2 Teams,13,0,1079,22,DF,0,0,,,,12,1,12,alan wright|eng eng|1972,alan wright|1994/95,Alan Wright,Alan Wright,Season not found in SportMonks,[]
Chris Kamara,chris kamara,eng ENG,1992/93,Premier League,2 Teams,13,0,798,34,MF,0,0,0,0,0,9,4,8.9,chris kamara|eng eng|1958,chris kamara|1992/93,Chris Kamara,Chris Kamara,Season not found in SportMonks,[]
John Barnes,john barnes,eng ENG,1998/99,Premier League,2 Teams,13,0,473,34,"DF,FW",0,0,0,0,0,2,11,5.3,john barnes|eng eng|1964,john barnes|1998/99,John Barnes,John Barnes,Season not found in SportMonks,[]
Stephen Hughes,stephen hughes,eng ENG,1999/00,Premier League,2 Teams,13,1,998,22,MF,3,4,1,0,0,12,1,11.1,stephen hughes|eng eng|1977,stephen hughes|1999/00,Stephen Hughes,Stephen Hughes,Season not found in SportMonks,[]
Brian Kilcline,brian kilcline,eng ENG,1993/94,Premier League,2 Teams,11,0,990,31,DF,0,0,0,0,0,11,0,11,brian kilcline|eng eng|1962,brian kilcline|1993/94,Brian Kilcline,Brian Kilcline,Season not found in SportMonks,[]
Peter Reid,peter reid,eng ENG,1993/94,Premier League,2 Teams,11,0,721,37,MF,0,0,0,0,0,8,3,8,peter reid|eng eng|1956,peter reid|1993/94,Peter Reid,Peter Reid,Season not found in SportMonks,[]
Neil Webb,neil webb,eng ENG,1992/93,Premier League,2 Teams,10,0,830,29,"DF,MF",2,2,0,0,0,9,1,9.2,neil webb|eng eng|1963,neil webb|1992/93,Neil Webb,Neil Webb,Season not found in SportMonks,[]
Marc Hottiger,marc hottiger,ch SUI,1995/96,Premier League,2 Teams,10,1,821,27,DF,1,2,1,0,0,9,1,9.1,marc hottiger|ch sui|1968,marc hottiger|1995/96,Marc Hottiger,Marc Hottiger,Season not found in SportMonks,[]
Andy Pearce,andy pearce,eng ENG,1995/96,Premier League,2 Teams,10,0,727,29,DF,0,0,,,,9,1,8.1,andy pearce|eng eng|1966,andy pearce|1995/96,Andy Pearce,Andy Pearce,Season not found in SportMonks,[]
Gary Walsh,gary walsh,eng ENG,1993/94,Premier League,2 Teams,9,0,782,25,GK,0,0,0,0,0,8,1,8.7,gary walsh|eng eng|1968,gary walsh|1993/94,Gary Walsh,Gary Walsh,Season not found in SportMonks,[]
Paul Parker,paul parker,eng ENG,1996/97,Premier League,2 Teams,8,0,461,32,DF,0,0,,,,5,3,5.1,paul parker|eng eng|1964,paul parker|1996/97,Paul Parker,Paul Parker,Season not found in SportMonks,[]
Ilie Dumitrescu,ilie dumitrescu,ro ROU,1995/96,Premier League,2 Teams,8,0,617,26,"FW,MF",0,0,,,,7,1,6.9,ilie dumitrescu|ro rou|1969,ilie dumitrescu|1995/96,Ilie Dumitrescu,Ilie Dumitrescu,Season not found in SportMonks,[]
Alan McLeary,alan mcleary,eng ENG,1992/93,Premier League,2 Teams,7,0,587,27,DF,0,0,0,0,0,7,0,6.5,alan mcleary|eng eng|1965,alan mcleary|1992/93,Alan McLeary,Alan McLeary,Season not found in SportMonks,[]
Mark Kennedy,mark kennedy,ie IRL,1997/98,Premier League,2 Teams,5,0,379,21,"DF,MF",1,1,0,0,,4,1,4.2,mark kennedy|ie irl|1976,mark kennedy|1997/98,Mark Kennedy,Mark Kennedy,Season not found in SportMonks,[]
Simon Tracey,simon tracey,eng ENG,1994/95,Premier League,2 Teams,4,0,360,26,GK,0,0,0,0,0,4,0,4,simon tracey|eng eng|1968,simon tracey|1994/95,Simon Tracey,Simon Tracey,Season not found in SportMonks,[]
Ray Wilkins,ray wilkins,eng ENG,1994/95,Premier League,2 Teams,3,0,173,37,MF,0,0,,,,2,1,1.9,ray wilkins|eng eng|1957,ray wilkins|1994/95,Ray Wilkins,Ray Wilkins,Season not found in SportMonks,[]
Steve Livingstone,steve livingstone,eng ENG,1992/93,Premier League,2 Teams,3,0,142,22,FW,0,0,0,0,0,1,2,1.6,steve livingstone|eng eng|1970,steve livingstone|1992/93,Steve Livingstone,Steve Livingstone,Season not found in SportMonks,[]
Neil Heaney,neil heaney,eng ENG,1993/94,Premier League,2 Teams,3,0,246,21,MF,0,0,0,0,0,3,0,2.7,neil heaney|eng eng|1972,neil heaney|1993/94,Neil Heaney,Neil Heaney,Season not found in SportMonks,[]
Steve Stone,steve stone,eng ENG,1998/99,Premier League,2 Teams,36,3,3095,26,MF,6,9,,,,35,1,34.4,steve stone|eng eng|1972,steve stone|1998/99,Steve Stone,Steve Stone,Season not found in SportMonks,[]
Ray Houghton,ray houghton,ie IRL,1994/95,Premier League,2 Teams,36,3,2690,32,MF,2,5,,,,29,7,29.9,ray houghton|ie irl|1962,ray houghton|1994/95,Ray Houghton,Ray Houghton,Season not found in SportMonks,[]
Andy Roberts,andy roberts,eng ENG,1997/98,Premier League,2 Teams,36,1,3197,23,MF,1,2,1,0,0,36,0,35.5,andy roberts|eng eng|1974,andy roberts|1997/98,Andy Roberts,Andy Roberts,Season not found in SportMonks,[]
Andy Cole,andy cole,eng ENG,1994/95,Premier League,2 Teams,36,21,3195,22,FW,5,26,,,,35,1,35.5,andy cole|eng eng|1972,andy cole|1994/95,Andy Cole,Andy Cole,Season not found in SportMonks,[]
Ian Taylor,ian taylor,eng ENG,1994/95,Premier League,2 Teams,36,2,2807,26,MF,3,5,,,,31,5,31.2,ian taylor|eng eng|1968,ian taylor|1994/95,Ian Taylor,Ian Taylor,Season not found in SportMonks,[]
David Batty,david batty,eng ENG,1993/94,Premier League,2 Teams,35,0,3081,24,MF,3,3,0,0,0,34,1,34.2,david batty|eng eng|1969,david batty|1993/94,David Batty,David Batty,Season not found in SportMonks,[]
Emile Heskey,emile heskey,eng ENG,1999/00,Premier League,2 Teams,35,10,3044,21,FW,4,14,,,,35,0,33.8,emile heskey|eng eng|1978,emile heskey|1999/00,Emile Heskey,Emile Heskey,Season not found in SportMonks,[]
Mike Marsh,mike marsh,eng ENG,1993/94,Premier League,2 Teams,35,2,2970,24,"FW,MF",4,6,2,0,0,33,2,33,mike marsh|eng eng|1969,mike marsh|1993/94,Mike Marsh,Mike Marsh,Season not found in SportMonks,[]
Ian Pearce,ian pearce,eng ENG,1997/98,Premier League,2 Teams,35,1,2928,23,DF,2,3,1,0,0,31,4,32.5,ian pearce|eng eng|1974,ian pearce|1997/98,Ian Pearce,Ian Pearce,Season not found in SportMonks,[]
Nick Barmby,nick barmby,eng ENG,1996/97,Premier League,2 Teams,35,5,2829,22,"FW,MF",8,13,5,0,0,32,3,31.4,nick barmby|eng eng|1974,nick barmby|1996/97,Nick Barmby,Nick Barmby,Season not found in SportMonks,[]
Gordon Watson,gordon watson,eng ENG,1994/95,Premier League,2 Teams,35,5,1781,23,FW,1,6,,,,17,18,19.8,gordon watson|eng eng|1971,gordon watson|1994/95,Gordon Watson,Gordon Watson,Season not found in SportMonks,[]
Mark Bright,mark bright,eng ENG,1992/93,Premier League,2 Teams,35,12,3029,30,FW,2,14,12,0,0,33,2,33.7,mark bright|eng eng|1962,mark bright|1992/93,Mark Bright,Mark Bright,Season not found in SportMonks,[]
Eric Cantona,eric cantona,fr FRA,1992/93,Premier League,2 Teams,35,15,3014,26,FW,16,31,,,,33,2,33.5,eric cantona|fr fra|1966,eric cantona|1992/93,Eric Cantona,Eric Cantona,Season not found in SportMonks,[]
Tony Cottee,tony cottee,eng ENG,1994/95,Premier League,2 Teams,34,13,2992,29,FW,3,16,13,0,0,34,0,33.2,tony cottee|eng eng|1965,tony cottee|1994/95,Tony Cottee,Tony Cottee,Season not found in SportMonks,[]
David Batty,david batty,eng ENG,1995/96,Premier League,2 Teams,34,2,3015,26,MF,3,5,,,,34,0,33.5,david batty|eng eng|1969,david batty|1995/96,David Batty,David Batty,Season not found in SportMonks,[]
Steve Watson,steve watson,eng ENG,1998/99,Premier League,2 Teams,34,0,2783,24,"DF,MF",4,4,0,0,0,33,1,30.9,steve watson|eng eng|1974,steve watson|1998/99,Steve Watson,Steve Watson,Season not found in SportMonks,[]
Gary Speed,gary speed,wls WAL,1997/98,Premier League,2 Teams,34,8,3060,27,MF,1,9,,,,34,0,34,gary speed|wls wal|1970,gary speed|1997/98,Gary Speed,Gary Speed,Season not found in SportMonks,[]
Michael Hughes,michael hughes,nir NIR,1997/98,Premier League,2 Teams,34,4,2824,25,MF,3,7,4,0,0,31,3,31.4,michael hughes|nir nir|1972,michael hughes|1997/98,Michael Hughes,Michael Hughes,Season not found in SportMonks,[]
Darren Huckerby,darren huckerby,eng ENG,1999/00,Premier League,2 Teams,34,2,1319,23,"FW,MF",3,5,2,0,0,10,24,14.7,darren huckerby|eng eng|1976,darren huckerby|1999/00,Darren Huckerby,Darren Huckerby,Season not found in SportMonks,[]
Dion Dublin,dion dublin,eng ENG,1998/99,Premier League,2 Teams,34,14,2913,29,"DF,FW",5,19,,,,34,0,32.4,dion dublin|eng eng|1969,dion dublin|1998/99,Dion Dublin,Dion Dublin,Season not found in SportMonks,[]
David Burrows,david burrows,eng ENG,1994/95,Premier League,3 Teams,34,0,2939,25,DF,1,1,,,,34,0,32.7,david burrows|eng eng|1969,david burrows|1994/95,David Burrows,David Burrows,Season not found in SportMonks,[]
David Hirst,david hirst,eng ENG,1997/98,Premier League,2 Teams,34,9,2693,29,FW,4,13,8,1,1,31,3,29.9,david hirst|eng eng|1968,david hirst|1997/98,David Hirst,David Hirst,Season not found in SportMonks,[]
Mikkel Beck,mikkel beck,dk DEN,1998/99,Premier League,2 Teams,34,6,1791,25,FW,4,10,,,,19,15,19.9,mikkel beck|dk den|1973,mikkel beck|1998/99,Mikkel Beck,Mikkel Beck,Season not found in SportMonks,[]
Vinnie Jones,vinnie jones,wls WAL,1992/93,Premier League,2 Teams,34,2,2946,27,MF,1,3,1,1,2,34,0,32.7,vinnie jones|wls wal|1965,vinnie jones|1992/93,Vinnie Jones,Vinnie Jones,Season not found in SportMonks,[]
Dwight Yorke,dwight yorke,tt TRI,1998/99,Premier League,2 Teams,33,18,2871,26,"FW,MF",11,29,18,0,1,33,0,31.9,dwight yorke|tt tri|1972,dwight yorke|1998/99,Dwight Yorke,Dwight Yorke,Season not found in SportMonks,[]
Robbie Slater,robbie slater,au AUS,1996/97,Premier League,2 Teams,33,2,2261,31,MF,3,5,2,0,0,24,9,25.1,robbie slater|au aus|1965,robbie slater|1996/97,Robbie Slater,Robbie Slater,Season not found in SportMonks,[]
Tim Sherwood,tim sherwood,eng ENG,1998/99,Premier League,2 Teams,33,5,2709,29,MF,1,6,5,0,0,31,2,30.1,tim sherwood|eng eng|1969,tim sherwood|1998/99,Tim Sherwood,Tim Sherwood,Season not found in SportMonks,[]
Jason McAteer,jason mcateer,ie IRL,1995/96,Premier League,2 Teams,33,0,2805,24,MF,3,3,,,,31,2,31.2,jason mcateer|ie irl|1971,jason mcateer|1995/96,Jason McAteer,Jason McAteer,Season not found in SportMonks,[]
Paul Allen,paul allen,eng ENG,1993/94,Premier League,2 Teams,33,1,2710,30,MF,3,4,1,0,0,29,4,30.1,paul allen|eng eng|1963,paul allen|1993/94,Paul Allen,Paul Allen,Season not found in SportMonks,[]
Kevin Richardson,kevin richardson,eng ENG,1994/95,Premier League,2 Teams,33,0,2911,31,MF,3,3,0,0,0,32,1,32.3,kevin richardson|eng eng|1963,kevin richardson|1994/95,Kevin Richardson,Kevin Richardson,Season not found in SportMonks,[]
Mark Robins,mark robins,eng ENG,1994/95,Premier League,2 Teams,33,9,2624,24,FW,6,15,9,0,,29,4,29.2,mark robins|eng eng|1970,mark robins|1994/95,Mark Robins,Mark Robins,Season not found in SportMonks,[]
Ashley Ward,ashley ward,eng ENG,1997/98,Premier League,2 Teams,32,8,2693,26,FW,2,10,8,0,0,30,2,29.9,ashley ward|eng eng|1971,ashley ward|1997/98,Ashley Ward,Ashley Ward,Season not found in SportMonks,[]
Carlton Palmer,carlton palmer,eng ENG,1998/99,Premier League,2 Teams,32,0,2833,32,MF,1,1,0,0,0,31,1,31.5,carlton palmer|eng eng|1966,carlton palmer|1998/99,Carlton Palmer,Carlton Palmer,Season not found in SportMonks,[]
Andy Hinchcliffe,andy hinchcliffe,eng ENG,1997/98,Premier League,2 Teams,32,1,2711,28,DF,2,3,1,0,0,30,2,30.1,andy hinchcliffe|eng eng|1969,andy hinchcliffe|1997/98,Andy Hinchcliffe,Andy Hinchcliffe,Season not found in SportMonks,[]
Iain Dowie,iain dowie,nir NIR,1994/95,Premier League,2 Teams,32,9,2844,29,FW,1,10,,,,32,0,31.6,iain dowie|nir nir|1965,iain dowie|1994/95,Iain Dowie,Iain Dowie,Season not found in SportMonks,[]
Dan Petrescu,dan petrescu,ro ROU,1995/96,Premier League,2 Teams,32,2,2681,27,DF,8,10,,,,30,2,29.8,dan petrescu|ro rou|1968,dan petrescu|1995/96,Dan Petrescu,Dan Petrescu,Season not found in SportMonks,[]
Alex Mathie,alex mathie,sct SCO,1994/95,Premier League,2 Teams,31,4,1489,25,FW,0,4,4,0,0,25,6,16.5,alex mathie|sct sco|1969,alex mathie|1994/95,Alex Mathie,Alex Mathie,Season not found in SportMonks,[]
Julian Dicks,julian dicks,eng ENG,1993/94,Premier League,2 Teams,31,3,2759,24,DF,1,4,1,2,3,31,0,30.7,julian dicks|eng eng|1969,julian dicks|1993/94,Julian Dicks,Julian Dicks,Season not found in SportMonks,[]
John Hartson,john hartson,wls WAL,1998/99,Premier League,2 Teams,31,6,2445,23,FW,3,9,,,,28,3,27.2,john hartson|wls wal|1975,john hartson|1998/99,John Hartson,John Hartson,Season not found in SportMonks,[]
Guy Whittingham,guy whittingham,eng ENG,1994/95,Premier League,2 Teams,29,11,1925,29,FW,1,12,,,,20,9,21.4,guy whittingham|eng eng|1965,guy whittingham|1994/95,Guy Whittingham,Guy Whittingham,Season not found in SportMonks,[]
Carl Tiler,carl tiler,eng ENG,1998/99,Premier League,2 Teams,29,1,2541,28,DF,0,1,1,0,0,29,0,28.2,carl tiler|eng eng|1970,carl tiler|1998/99,Carl Tiler,Carl Tiler,Season not found in SportMonks,[]
Noel Whelan,noel whelan,eng ENG,1995/96,Premier League,2 Teams,29,8,2129,20,FW,3,11,,,,24,5,23.7,noel whelan|eng eng|1975,noel whelan|1995/96,Noel Whelan,Noel Whelan,Season not found in SportMonks,[]
Chris Kiwomya,chris kiwomya,eng ENG,1994/95,Premier League,2 Teams,29,6,1724,24,FW,3,9,6,0,0,18,11,19.2,chris kiwomya|eng eng|1970,chris kiwomya|1994/95,Chris Kiwomya,Chris Kiwomya,Season not found in SportMonks,[]
Mark Hughes,mark hughes,wls WAL,1999/00,Premier League,2 Teams,29,2,2420,35,FW,3,5,2,0,0,27,2,26.9,mark hughes|wls wal|1964,mark hughes|1999/00,Mark Hughes,Mark Hughes,Season not found in SportMonks,[]
Martin Keown,martin keown,eng ENG,1992/93,Premier League,2 Teams,29,0,2533,26,"DF,MF",0,0,0,0,0,28,1,28.1,martin keown|eng eng|1966,martin keown|1992/93,Martin Keown,Martin Keown,Season not found in SportMonks,[]
Efan Ekoku,efan ekoku,ng NGA,1994/95,Premier League,2 Teams,29,9,2455,27,FW,3,12,9,0,0,28,1,27.3,efan ekoku|ng nga|1967,efan ekoku|1994/95,Efan Ekoku,Efan Ekoku,Season not found in SportMonks,[]
David Burrows,david burrows,eng ENG,1993/94,Premier League,2 Teams,29,1,2402,24,DF,0,1,1,0,0,28,1,26.7,david burrows|eng eng|1969,david burrows|1993/94,David Burrows,David Burrows,Season not found in SportMonks,[]
Kevin Gallacher,kevin gallacher,sct SCO,1992/93,Premier League,2 Teams,29,11,2463,25,"FW,MF",7,18,11,0,0,28,1,27.4,kevin gallacher|sct sco|1967,kevin gallacher|1992/93,Kevin Gallacher,Kevin Gallacher,Season not found in SportMonks,[]
Paul Merson,paul merson,eng ENG,1998/99,Premier League,2 Teams,29,5,2159,30,"FW,MF",4,9,5,0,1,24,5,24,paul merson|eng eng|1968,paul merson|1998/99,Paul Merson,Paul Merson,Season not found in SportMonks,[]
John Beresford,john beresford,eng ENG,1997/98,Premier League,2 Teams,28,2,2365,30,DF,3,5,,,,27,1,26.3,john beresford|eng eng|1967,john beresford|1997/98,John Beresford,John Beresford,Season not found in SportMonks,[]
Garry Parker,garry parker,eng ENG,1994/95,Premier League,2 Teams,28,3,2379,28,MF,6,9,3,0,0,26,2,26.4,garry parker|eng eng|1966,garry parker|1994/95,Garry Parker,Garry Parker,Season not found in SportMonks,[]
Roy Wegerle,roy wegerle,us USA,1992/93,Premier League,2 Teams,28,4,1636,28,"FW,MF",0,4,4,0,0,16,12,18.2,roy wegerle|us usa|1964,roy wegerle|1992/93,Roy Wegerle,Roy Wegerle,Season not found in SportMonks,[]
Kenny Sansom,kenny sansom,eng ENG,1992/93,Premier League,2 Teams,28,1,2391,33,DF,3,4,1,0,0,27,1,26.6,kenny sansom|eng eng|1959,kenny sansom|1992/93,Kenny Sansom,Kenny Sansom,Season not found in SportMonks,[]
Garry Flitcroft,garry flitcroft,eng ENG,1995/96,Premier League,2 Teams,28,0,2286,22,MF,0,0,,,,28,0,25.4,garry flitcroft|eng eng|1973,garry flitcroft|1995/96,Garry Flitcroft,Garry Flitcroft,Season not found in SportMonks,[]
David Rocastle,david rocastle,eng ENG,1993/94,Premier League,2 Teams,28,3,2301,26,MF,4,7,,,,27,1,25.6,david rocastle|eng eng|1967,david rocastle|1993/94,David Rocastle,David Rocastle,Season not found in SportMonks,[]
Scott Sellars,scott sellars,eng ENG,1995/96,Premier League,2 Teams,28,3,2274,29,MF,5,8,,,,24,4,25.3,scott sellars|eng eng|1966,scott sellars|1995/96,Scott Sellars,Scott Sellars,Season not found in SportMonks,[]
Scot Gemmill,scot gemmill,sct SCO,1998/99,Premier League,2 Teams,27,1,2174,27,MF,1,2,1,0,0,25,2,24.2,scot gemmill|sct sco|1971,scot gemmill|1998/99,Scot Gemmill,Scot Gemmill,Season not found in SportMonks,[]
Neil Adams,neil adams,eng ENG,1993/94,Premier League,2 Teams,27,0,1738,27,MF,4,4,0,0,0,18,9,19.3,neil adams|eng eng|1966,neil adams|1993/94,Neil Adams,Neil Adams,Season not found in SportMonks,[]
Keith Gillespie,keith gillespie,nir NIR,1994/95,Premier League,2 Teams,26,3,1784,19,"FW,MF",3,6,,,,18,8,19.8,keith gillespie|nir nir|1975,keith gillespie|1994/95,Keith Gillespie,Keith Gillespie,Season not found in SportMonks,[]
Jim Magilton,jim magilton,nir NIR,1997/98,Premier League,2 Teams,26,1,1677,28,"DF,MF",0,1,1,0,0,18,8,18.6,jim magilton|nir nir|1969,jim magilton|1997/98,Jim Magilton,Jim Magilton,Season not found in SportMonks,[]
Lee Chapman,lee chapman,eng ENG,1994/95,Premier League,2 Teams,26,1,1572,34,FW,1,2,1,0,0,16,10,17.5,lee chapman|eng eng|1960,lee chapman|1994/95,Lee Chapman,Lee Chapman,Season not found in SportMonks,[]
Micky Hazard,micky hazard,eng ENG,1993/94,Premier League,2 Teams,26,2,1922,33,MF,2,4,1,1,1,20,6,21.4,micky hazard|eng eng|1960,micky hazard|1993/94,Micky Hazard,Micky Hazard,Season not found in SportMonks,[]
Andy Impey,andy impey,eng ENG,1998/99,Premier League,2 Teams,26,0,2070,26,"DF,MF",1,1,0,0,0,23,3,23,andy impey|eng eng|1972,andy impey|1998/99,Andy Impey,Andy Impey,Season not found in SportMonks,[]
Jason McAteer,jason mcateer,ie IRL,1998/99,Premier League,2 Teams,26,1,1889,27,MF,2,3,1,0,0,19,7,21,jason mcateer|ie irl|1971,jason mcateer|1998/99,Jason McAteer,Jason McAteer,Season not found in SportMonks,[]
Lars Bohinen,lars bohinen,no NOR,1995/96,Premier League,2 Teams,26,4,2125,25,MF,1,5,,,,24,2,23.6,lars bohinen|no nor|1970,lars bohinen|1995/96,Lars Bohinen,Lars Bohinen,Season not found in SportMonks,[]
Paul Williams,paul williams,eng ENG,1992/93,Premier League,2 Teams,25,1,1963,26,FW,2,3,1,0,0,22,3,21.8,paul williams|eng eng|1966,paul williams|1992/93,Paul Williams,Paul Williams,Season not found in SportMonks,[]
Dean Holdsworth,dean holdsworth,eng ENG,1997/98,Premier League,2 Teams,25,3,1753,28,FW,0,3,3,0,0,21,4,19.5,dean holdsworth|eng eng|1969,dean holdsworth|1997/98,Dean Holdsworth,Dean Holdsworth,Season not found in SportMonks,[]
Craig Maskell,craig maskell,eng ENG,1993/94,Premier League,2 Teams,24,4,1278,25,FW,0,4,3,1,1,14,10,14.2,craig maskell|eng eng|1968,craig maskell|1993/94,Craig Maskell,Craig Maskell,Season not found in SportMonks,[]
Lars Bohinen,lars bohinen,no NOR,1997/98,Premier League,2 Teams,24,2,1421,27,MF,3,5,2,0,0,14,10,15.8,lars bohinen|no nor|1970,lars bohinen|1997/98,Lars Bohinen,Lars Bohinen,Season not found in SportMonks,[]
Mike Marsh,mike marsh,eng ENG,1994/95,Premier League,2 Teams,31,2,2568,25,"FW,MF",2,4,2,0,0,28,3,28.5,mike marsh|eng eng|1969,mike marsh|1994/95,Mike Marsh,Mike Marsh,Season not found in SportMonks,[]
Benito Carbone,benito carbone,it ITA,1999/00,Premier League,2 Teams,31,5,2278,27,FW,5,10,4,1,1,25,6,25.3,benito carbone|it ita|1972,benito carbone|1999/00,Benito Carbone,Benito Carbone,Season not found in SportMonks,[]
David White,david white,eng ENG,1993/94,Premier League,2 Teams,31,6,2215,25,"FW,MF",1,7,,,,25,6,24.6,david white|eng eng|1968,david white|1993/94,David White,David White,Season not found in SportMonks,[]
Kevin Richardson,kevin richardson,eng ENG,1997/98,Premier League,2 Teams,31,0,2414,34,MF,3,3,0,0,0,28,3,26.8,kevin richardson|eng eng|1963,kevin richardson|1997/98,Kevin Richardson,Kevin Richardson,Season not found in SportMonks,[]
John Hartson,john hartson,wls WAL,1996/97,Premier League,2 Teams,30,8,2211,21,FW,3,11,8,0,0,25,5,24.6,john hartson|wls wal|1975,john hartson|1996/97,John Hartson,John Hartson,Season not found in SportMonks,[]
Lee Carsley,lee carsley,ie IRL,1998/99,Premier League,2 Teams,30,1,2558,24,MF,1,2,,,,27,3,28.4,lee carsley|ie irl|1974,lee carsley|1998/99,Lee Carsley,Lee Carsley,Season not found in SportMonks,[]
Kevin Scott,kevin scott,eng ENG,1993/94,Premier League,2 Teams,30,1,2622,26,DF,0,1,1,0,0,30,0,29.1,kevin scott|eng eng|1967,kevin scott|1993/94,Kevin Scott,Kevin Scott,Season not found in SportMonks,[]
Ruel Fox,ruel fox,ms MSR,1995/96,Premier League,2 Teams,30,6,2503,27,MF,6,12,,,,28,2,27.8,ruel fox|ms msr|1968,ruel fox|1995/96,Ruel Fox,Ruel Fox,Season not found in SportMonks,[]
Keith Gillespie,keith gillespie,nir NIR,1998/99,Premier League,2 Teams,23,1,1694,23,"FW,MF",3,4,1,0,0,18,5,18.8,keith gillespie|nir nir|1975,keith gillespie|1998/99,Keith Gillespie,Keith Gillespie,Season not found in SportMonks,[]
Graeme Le Saux,graeme le saux,eng ENG,1992/93,Premier League,2 Teams,23,0,1707,23,DF,3,3,0,0,0,19,4,19,graeme le saux|eng eng|1969,graeme le saux|1992/93,Graeme Le Saux,Graeme Le Saux,Season not found in SportMonks,[]
Earl Barrett,earl barrett,eng ENG,1997/98,Premier League,2 Teams,23,0,1862,30,DF,1,1,0,0,0,22,1,20.7,earl barrett|eng eng|1967,earl barrett|1997/98,Earl Barrett,Earl Barrett,Season not found in SportMonks,[]
Lawrie Sanchez,lawrie sanchez,nir NIR,1993/94,Premier League,2 Teams,23,2,1925,33,MF,3,5,2,0,0,21,2,21.4,lawrie sanchez|nir nir|1960,lawrie sanchez|1993/94,Lawrie Sanchez,Lawrie Sanchez,Season not found in SportMonks,[]
Earl Barrett,earl barrett,eng ENG,1994/95,Premier League,2 Teams,42,0,3680,27,DF,1,1,,,,41,1,40.9,earl barrett|eng eng|1967,earl barrett|1994/95,Earl Barrett,Earl Barrett,Season not found in SportMonks,[]
Teddy Sheringham,teddy sheringham,eng ENG,1992/93,Premier League,2 Teams,41,22,3663,26,FW,9,31,,,,41,0,40.7,teddy sheringham|eng eng|1966,teddy sheringham|1992/93,Teddy Sheringham,Teddy Sheringham,Season not found in SportMonks,[]
Dean Saunders,dean saunders,wls WAL,1992/93,Premier League,2 Teams,41,14,3640,28,FW,3,17,13,1,2,41,0,40.4,dean saunders|wls wal|1964,dean saunders|1992/93,Dean Saunders,Dean Saunders,Season not found in SportMonks,[]
Tim Flowers,tim flowers,eng ENG,1993/94,Premier League,2 Teams,41,0,3690,26,GK,0,0,0,0,0,41,0,41,tim flowers|eng eng|1967,tim flowers|1993/94,Tim Flowers,Tim Flowers,Season not found in SportMonks,[]
Neil Shipperley,neil shipperley,eng ENG,1994/95,Premier League,2 Teams,39,6,2247,19,FW,3,9,6,0,0,35,4,25,neil shipperley|eng eng|1975,neil shipperley|1994/95,Neil Shipperley,Neil Shipperley,Season not found in SportMonks,[]
Darren Peacock,darren peacock,eng ENG,1993/94,Premier League,2 Teams,39,3,3510,25,DF,2,5,,,,39,0,39,darren peacock|eng eng|1968,darren peacock|1993/94,Darren Peacock,Darren Peacock,Season not found in SportMonks,[]
Ruel Fox,ruel fox,ms MSR,1993/94,Premier League,2 Teams,39,9,3448,25,MF,11,20,,,,39,0,38.3,ruel fox|ms msr|1968,ruel fox|1993/94,Ruel Fox,Ruel Fox,Season not found in SportMonks,[]
Robert Rosario,robert rosario,eng ENG,1992/93,Premier League,2 Teams,38,5,3318,26,FW,7,12,,,,38,0,36.9,robert rosario|eng eng|1966,robert rosario|1992/93,Robert Rosario,Robert Rosario,Season not found in SportMonks,[]
John Scales,john scales,eng ENG,1994/95,Premier League,2 Teams,38,2,3315,28,DF,0,2,2,0,0,38,0,36.8,john scales|eng eng|1966,john scales|1994/95,John Scales,John Scales,Season not found in SportMonks,[]
Rio Ferdinand,rio ferdinand,eng ENG,2000/01,Premier League,2 Teams,35,2,3049,21,DF,0,2,2,0,0,35,0,33.9,rio ferdinand|eng eng|1979,rio ferdinand|2000/01,Rio Ferdinand,Rio Ferdinand,No per-team stats available for this season,"[{""id"":582,""name"":""Rio Ferdinand"",""score"":""0.90""}]"
Florent Sinama Pongolle,florent sinama pongolle,fr FRA,2005/06,Premier League,2 Teams,17,1,979,20,FW,1,2,1,0,0,11,6,10.9,florent sinama pongolle|fr fra|1985,florent sinama pongolle|2005/06,Florent Sinama Pongolle,Florent Sinama Pongolle,No player matches found,[]
Matt Jones,matt jones,wls WAL,2000/01,Premier League,2 Teams,15,0,994,19,MF,0,0,0,0,0,13,2,11,matt jones|wls wal|1981,matt jones|2000/01,,,Best match score 0.40 below threshold 0.5,"[{""id"":159436,""name"":""Matt Jones"",""score"":""0.40""}]"
Steve Staunton,steve staunton,ie IRL,2000/01,Premier League,2 Teams,15,0,1123,31,"DF,MF",2,2,0,0,0,13,2,12.5,steve staunton|ie irl|1969,steve staunton|2000/01,Steve Staunton,Steve Staunton,No player matches found,[]
Eyal Berkovic,eyal berkovic,il ISR,2003/04,Premier League,2 Teams,14,1,961,31,MF,1,2,1,0,0,10,4,10.7,eyal berkovic|il isr|1972,eyal berkovic|2003/04,Eyal Berkovic,Eyal Berkovic,No player matches found,[]
Alexandre Song,alexandre song,cm CMR,2006/07,Premier League,2 Teams,14,0,1040,18,"DF,MF",1,1,0,0,0,13,1,11.6,alexandre song|cm cmr|1988,alexandre song|2006/07,Alexandre Song,Alexandre Song,No player matches found,[]
Graham Stuart,graham stuart,eng ENG,2004/05,Premier League,2 Teams,12,0,917,33,"FW,MF",1,1,0,0,0,11,1,10.2,graham stuart|eng eng|1971,graham stuart|2004/05,Graham Stuart,Graham Stuart,No player matches found,[]
Stan Collymore,stan collymore,eng ENG,2000/01,Premier League,2 Teams,12,3,703,29,FW,0,3,3,0,0,6,6,7.8,stan collymore|eng eng|1971,stan collymore|2000/01,Stan Collymore,Stan Collymore,No player matches found,[]
David Ginola,david ginola,fr FRA,2001/02,Premier League,2 Teams,10,0,309,34,"FW,MF",0,0,0,0,0,2,8,3.4,david ginola|fr fra|1967,david ginola|2001/02,David Ginola,David Ginola,No player matches found,[]
Tahar El Khalej,tahar el khalej,ma MAR,2002/03,Premier League,2 Teams,4,0,198,34,"DF,MF",0,0,0,0,0,2,2,2.2,tahar el khalej|ma mar|1968,tahar el khalej|2002/03,Tahar El Khalej,Tahar El Khalej,No player matches found,[]
Marcus Bent,marcus bent,eng ENG,2001/02,Premier League,2 Teams,34,9,2171,23,FW,2,11,9,0,,23,11,24.1,marcus bent|eng eng|1978,marcus bent|2001/02,Marcus Bent,Marcus Bent,No per-team stats available for this season,"[{""id"":111,""name"":""Marcus Bent"",""score"":""1.00""}]"
Chris Makin,chris makin,eng ENG,2000/01,Premier League,2 Teams,33,0,2792,27,DF,3,3,0,0,0,31,2,31,chris makin|eng eng|1973,chris makin|2000/01,Chris Makin,Chris Makin,No player matches found,[]
Nolberto Solano,nolberto solano,pe PER,2005/06,Premier League,2 Teams,32,6,2329,30,MF,2,8,6,0,0,29,3,25.9,nolberto solano|pe per|1975,nolberto solano|2005/06,Nolberto Solano,Nolberto Solano,No player matches found,[]
Dean Windass,dean windass,eng ENG,2000/01,Premier League,2 Teams,32,5,2675,31,"FW,MF",2,7,5,0,0,30,2,29.7,dean windass|eng eng|1969,dean windass|2000/01,Dean Windass,Dean Windass,No per-team stats available for this season,"[{""id"":1564,""name"":""Dean Windass"",""score"":""1.00""}]"
Robbie Fowler,robbie fowler,eng ENG,2001/02,Premier League,2 Teams,32,15,2518,26,FW,4,19,12,0,1,30,2,28,robbie fowler|eng eng|1975,robbie fowler|2001/02,Robbie Fowler,Robbie Fowler,No per-team stats available for this season,"[{""id"":2,""name"":""Robbie Fowler"",""score"":""1.00""}]"
Emerson Thome,emerson thome,br BRA,2000/01,Premier League,2 Teams,32,1,2796,28,DF,0,1,1,0,0,31,1,31.1,emerson thome|br bra|1972,emerson thome|2000/01,Emerson Thome,Emerson Thome,No per-team stats available for this season,"[{""id"":6975831,""name"":""Emerson Thome"",""score"":""1.00""}]"
Rufus Brevett,rufus brevett,eng ENG,2002/03,Premier League,2 Teams,32,0,2643,32,DF,0,0,0,0,0,31,1,29.4,rufus brevett|eng eng|1970,rufus brevett|2002/03,Rufus Brevett,Rufus Brevett,No per-team stats available for this season,"[{""id"":456936,""name"":""Rufus Brevett"",""score"":""0.90""}]"
Robbie Keane,robbie keane,ie IRL,2002/03,Premier League,2 Teams,32,14,2524,22,FW,1,15,14,0,0,29,3,28,robbie keane|ie irl|1980,robbie keane|2002/03,Robbie Keane,Robbie Keane,No per-team stats available for this season,"[{""id"":92,""name"":""R. Keane"",""score"":""0.53""}]"
Michael Ricketts,michael ricketts,eng ENG,2002/03,Premier League,2 Teams,31,7,1936,23,FW,0,7,,,,18,13,21.5,michael ricketts|eng eng|1979,michael ricketts|2002/03,Michael Ricketts,Michael Ricketts,No per-team stats available for this season,"[{""id"":3326,""name"":""Michael Ricketts"",""score"":""0.90""}]"
Jason McAteer,jason mcateer,ie IRL,2001/02,Premier League,2 Teams,30,2,2241,30,MF,3,5,2,0,0,24,6,24.9,jason mcateer|ie irl|1971,jason mcateer|2001/02,Jason McAteer,Jason McAteer,No player matches found,[]
Rob Lee,rob lee,eng ENG,2001/02,Premier League,2 Teams,29,1,2395,35,MF,3,4,1,0,0,28,1,26.6,rob lee|eng eng|1966,rob lee|2001/02,Rob Lee,Rob Lee,No player matches found,[]
LuÃ­s Boa Morte,lua­s boa morte,pt POR,2006/07,Premier League,2 Teams,29,1,1875,28,"FW,MF",3,4,1,0,0,20,9,20.8,lua­s boa morte|pt por|1978,lua­s boa morte|2006/07,,,Best match score 0.44 below threshold 0.5,"[{""id"":122,""name"":""Boa Morte"",""score"":""0.44""}]"
Richard Dunne,richard dunne,ie IRL,2000/01,Premier League,2 Teams,28,0,2409,20,DF,0,0,0,0,0,27,1,26.8,richard dunne|ie irl|1980,richard dunne|2000/01,Richard Dunne,Richard Dunne,No per-team stats available for this season,"[{""id"":172,""name"":""Richard Dunne"",""score"":""0.60""}]"
Jonathan Woodgate,jonathan woodgate,eng ENG,2002/03,Premier League,2 Teams,28,1,2451,22,DF,2,3,1,0,0,28,0,27.2,jonathan woodgate|eng eng|1980,jonathan woodgate|2002/03,Jonathan Woodgate,Jonathan Woodgate,No per-team stats available for this season,"[{""id"":284,""name"":""Jonathan Woodgate"",""score"":""1.00""}]"
Dean Richards,dean richards,eng ENG,2001/02,Premier League,2 Teams,28,2,2475,27,DF,1,3,2,0,0,28,0,27.5,dean richards|eng eng|1974,dean richards|2001/02,Dean Richards,Dean Richards,No player matches found,[]
Andy O'Brien,andy o'brien,ie IRL,2000/01,Premier League,2 Teams,27,1,2310,21,DF,0,1,1,0,0,26,1,25.7,andy o'brien|ie irl|1979,andy o'brien|2000/01,Andy O'Brien,Andy O'Brien,No per-team stats available for this season,"[{""id"":463,""name"":""Andrew O'Brien"",""score"":""0.61""}]"
Dean Sturridge,dean sturridge,eng ENG,2000/01,Premier League,2 Teams,27,4,1370,27,FW,4,8,4,0,0,15,12,15.2,dean sturridge|eng eng|1973,dean sturridge|2000/01,Dean Sturridge,Dean Sturridge,No player matches found,[]
Laurent Charvet,laurent charvet,fr FRA,2000/01,Premier League,2 Teams,27,0,1970,27,DF,1,1,0,0,0,23,4,21.9,laurent charvet|fr fra|1973,laurent charvet|2000/01,Laurent Charvet,Laurent Charvet,No player matches found,[]
Milan BaroÅ¡,milan baroa¡,cz CZE,2005/06,Premier League,2 Teams,27,8,2072,23,FW,3,11,8,0,1,24,3,23,milan baroa¡|cz cze|1982,milan baroa¡|2005/06,Milan BaroÅ¡,Milan BaroA¡,No player matches found,[]
Don Hutchison,don hutchison,sct SCO,2001/02,Premier League,2 Teams,26,1,2181,30,MF,2,3,1,0,0,26,0,24.2,don hutchison|sct sco|1971,don hutchison|2001/02,Don Hutchison,Don Hutchison,No player matches found,[]
Benito Carbone,benito carbone,it ITA,2001/02,Premier League,2 Teams,26,2,2196,29,FW,8,10,2,0,0,26,0,24.4,benito carbone|it ita|1972,benito carbone|2001/02,Benito Carbone,Benito Carbone,No player matches found,[]
Andy Cole,andy cole,eng ENG,2001/02,Premier League,2 Teams,26,13,1991,29,FW,5,18,9,0,0,22,4,22.1,andy cole|eng eng|1972,andy cole|2001/02,Andy Cole,Andy Cole,No per-team stats available for this season,"[{""id"":3814,""name"":""Andy Cole"",""score"":""0.90""}]"
Dan Petrescu,dan petrescu,ro ROU,2000/01,Premier League,2 Teams,26,3,1964,32,DF,2,5,3,0,0,24,2,21.8,dan petrescu|ro rou|1968,dan petrescu|2000/01,Dan Petrescu,Dan Petrescu,No player matches found,[]
Les Ferdinand,les ferdinand,eng ENG,2002/03,Premier League,2 Teams,25,4,1265,35,FW,1,5,4,0,0,16,9,14.1,les ferdinand|eng eng|1967,les ferdinand|2002/03,Les Ferdinand,Les Ferdinand,No player matches found,[]
Lee Bowyer,lee bowyer,eng ENG,2002/03,Premier League,2 Teams,25,3,2207,25,MF,2,5,3,0,0,25,0,24.5,lee bowyer|eng eng|1977,lee bowyer|2002/03,Lee Bowyer,Lee Bowyer,No per-team stats available for this season,"[{""id"":127,""name"":""Lee Bowyer"",""score"":""1.00""}]"
Ugo Ehiogu,ugo ehiogu,eng ENG,2000/01,Premier League,2 Teams,23,3,1956,27,DF,1,4,3,0,0,22,1,21.7,ugo ehiogu|eng eng|1973,ugo ehiogu|2000/01,Ugo Ehiogu,Ugo Ehiogu,No per-team stats available for this season,"[{""id"":4718,""name"":""Ugo Ehiogu"",""score"":""0.90""}]"
Abel Xavier,abel xavier,pt POR,2001/02,Premier League,2 Teams,22,1,1658,28,DF,2,3,1,0,0,20,2,18.4,abel xavier|pt por|1973,abel xavier|2001/02,Abel Xavier,Abel Xavier,No player matches found,[]
Nolberto Solano,nolberto solano,pe PER,2003/04,Premier League,2 Teams,22,0,1514,28,MF,5,5,0,0,0,18,4,16.8,nolberto solano|pe per|1975,nolberto solano|2003/04,Nolberto Solano,Nolberto Solano,No player matches found,[]
Gary Walsh,gary walsh,eng ENG,2000/01,Premier League,2 Teams,22,0,1972,32,GK,0,0,0,0,0,22,0,21.9,gary walsh|eng eng|1968,gary walsh|2000/01,Gary Walsh,Gary Walsh,No per-team stats available for this season,"[{""id"":6971118,""name"":""Gary Walsh"",""score"":""1.00""}]"
Brian Deane,brian deane,eng ENG,2001/02,Premier League,2 Teams,22,7,1707,33,FW,1,8,7,0,0,19,3,19,brian deane|eng eng|1968,brian deane|2001/02,Brian Deane,Brian Deane,No player matches found,[]
Seth Johnson,seth johnson,eng ENG,2001/02,Premier League,2 Teams,21,0,1662,22,"FW,MF",1,1,0,0,0,19,2,18.5,seth johnson|eng eng|1979,seth johnson|2001/02,Seth Johnson,Seth Johnson,No player matches found,[]
Robbie Fowler,robbie fowler,eng ENG,2002/03,Premier League,2 Teams,21,4,1204,27,FW,1,5,1,1,1,14,7,13.4,robbie fowler|eng eng|1975,robbie fowler|2002/03,Robbie Fowler,Robbie Fowler,No per-team stats available for this season,"[{""id"":2,""name"":""Robbie Fowler"",""score"":""1.00""}]"
Rigobert Song,rigobert song,cm CMR,2000/01,Premier League,2 Teams,21,0,1791,24,DF,0,0,0,0,0,20,1,19.9,rigobert song|cm cmr|1976,rigobert song|2000/01,Rigobert Song,Rigobert Song,No per-team stats available for this season,"[{""id"":200087,""name"":""Rigobert Song Bahanag"",""score"":""0.85""}]"
Darren Huckerby,darren huckerby,eng ENG,2000/01,Premier League,2 Teams,20,1,954,24,"FW,MF",1,2,0,1,1,10,10,10.6,darren huckerby|eng eng|1976,darren huckerby|2000/01,Darren Huckerby,Darren Huckerby,No per-team stats available for this season,"[{""id"":1903,""name"":""Darren Huckerby"",""score"":""1.00""}]"
Warren Barton,warren barton,eng ENG,2001/02,Premier League,2 Teams,19,0,1618,32,DF,1,1,0,0,0,18,1,18,warren barton|eng eng|1969,warren barton|2001/02,Warren Barton,Warren Barton,No player matches found,[]
Benjani,benjani,zw ZIM,2007/08,Premier League,2 Teams,36,15,2896,28,FW,1,16,15,0,1,34,2,32.2,benjani|zw zim|1979,benjani|2007/08,,,Best match score 0.36 below threshold 0.5,"[{""id"":279,""name"":""Benjamin Mwaruwari"",""score"":""0.36""}]"
John Heitinga,john heitinga,nl NED,2013/14,Premier League,2 Teams,15,1,1249,29,"DF,MF",1,2,1,0,0,14,1,13.9,john heitinga|nl ned|1984,john heitinga|2013/14,John Heitinga,John Heitinga,No player matches found,[]
Seol Ki-hyeon,seol ki-hyeon,kr KOR,2007/08,Premier League,2 Teams,15,0,498,28,"FW,MF",1,1,0,0,0,6,9,5.5,seol ki-hyeon|kr kor|1979,seol ki-hyeon|2007/08,,,Best match score 0.39 below threshold 0.5,"[{""id"":204,""name"":""Ki-Hyeon Seol"",""score"":""0.39""}]"
Manucho,manucho,ao ANG,2008/09,Premier League,2 Teams,14,2,674,25,FW,1,3,2,0,0,6,8,7.5,manucho|ao ang|1983,manucho|2008/09,,,Best match score 0.46 below threshold 0.5,"[{""id"":3879,""name"":""Manucho Gonçalves"",""score"":""0.46""}]"
Asmir BegoviÄ,asmir begovia,ba BIH,2009/10,Premier League,2 Teams,13,0,1062,22,GK,0,0,0,0,0,11,2,11.8,asmir begovia|ba bih|1987,asmir begovia|2009/10,Asmir BegoviÄ,Asmir BegoviA,No player matches found,[]
Benjani,benjani,zw ZIM,2009/10,Premier League,2 Teams,10,0,252,30,FW,1,1,0,0,0,2,8,2.8,benjani|zw zim|1979,benjani|2009/10,,,Best match score 0.36 below threshold 0.5,"[{""id"":279,""name"":""Benjamin Mwaruwari"",""score"":""0.36""}]"
Matthew Taylor,matthew taylor,eng ENG,2007/08,Premier League,2 Teams,29,4,1827,25,"DF,MF",2,6,3,1,2,19,10,20.3,matthew taylor|eng eng|1982,matthew taylor|2007/08,Matthew Taylor,Matthew Taylor,No per-team stats available for this season,"[{""id"":2733,""name"":""Matthew Taylor"",""score"":""1.00""}]"
El Hadji Diouf,el hadji diouf,sn SEN,2008/09,Premier League,2 Teams,28,1,2155,27,"FW,MF",0,1,1,0,1,24,4,23.9,el hadji diouf|sn sen|1981,el hadji diouf|2008/09,,,Best match score 0.23 below threshold 0.5,"[{""id"":107219,""name"":""El Diouf"",""score"":""0.23""}]"
Niko KranjÄar,niko kranjaar,hr CRO,2009/10,Premier League,2 Teams,28,6,2012,24,MF,6,12,6,0,0,23,5,22.4,niko kranjaar|hr cro|1985,niko kranjaar|2009/10,Niko KranjÄar,Niko KranjAar,No player matches found,[]
Nikica JelaviÄ,nikica jelavia,hr CRO,2013/14,Premier League,2 Teams,25,5,1687,27,FW,1,6,5,0,1,21,4,18.7,nikica jelavia|hr cro|1986,nikica jelavia|2013/14,Nikica JelaviÄ,Nikica JelaviA,No player matches found,[]
Nolberto Solano,nolberto solano,pe PER,2007/08,Premier League,2 Teams,24,4,1282,32,MF,1,5,4,0,0,14,10,14.2,nolberto solano|pe per|1975,nolberto solano|2007/08,Nolberto Solano,Nolberto Solano,No player matches found,[]
Benni McCarthy,benni mccarthy,za RSA,2009/10,Premier League,2 Teams,19,1,870,31,FW,3,4,1,0,0,9,10,9.7,benni mccarthy|za rsa|1978,benni mccarthy|2009/10,,,Best match score 0.49 below threshold 0.5,"[{""id"":223,""name"":""B. McCarthy"",""score"":""0.49""}]"
Vedran Äorluka,vedran aorluka,hr CRO,2008/09,Premier League,2 Teams,37,1,3233,22,DF,3,4,1,0,0,36,1,35.9,vedran aorluka|hr cro|1986,vedran aorluka|2008/09,Vedran Äorluka,Vedran Aorluka,No player matches found,[]