player_name,normalized_player_name,nationality,season,competition,club_raw,appearances,goals,minutes,age_in_season,position,assists,goals_plus_assists,goals_minus_pk,penalty_goals,penalty_attempts,starts,sub_appearances,nineties_played,player_uid,multi_club_key
Alex Oxlade-Chamberlain,alex oxlade-chamberlain,eng ENG,2017/18,Premier League,2 Teams,35,3,1734,23,MF,7,10,3,0,0,17,18,19.3,alex oxlade-chamberlain|eng eng|1994,alex oxlade-chamberlain|2017/18
Robert Snodgrass,robert snodgrass,sct SCO,2016/17,Premier League,2 Teams,35,7,2548,28,"MF,FW",4,11,5,2,2,27,8,28.3,robert snodgrass|sct sco|1988,robert snodgrass|2016/17
Saido Berahino,saido berahino,bi BDI,2016/17,Premier League,2 Teams,17,0,963,22,FW,0,0,0,0,0,11,6,10.7,saido berahino|bi bdi|1994,saido berahino|2016/17
Morgan Schneiderlin,morgan schneiderlin,fr FRA,2016/17,Premier League,2 Teams,17,1,1073,26,MF,0,1,1,0,0,12,5,11.9,morgan schneiderlin|fr fra|1990,morgan schneiderlin|2016/17
Costel Pantilimon,costel pantilimon,ro ROU,2015/16,Premier League,2 Teams,17,0,1530,28,GK,0,0,0,0,0,17,0,17,costel pantilimon|ro rou|1987,costel pantilimon|2015/16
AdlÃ¨ne Guedioura,adla¨ne guedioura,dz ALG,2016/17,Premier League,2 Teams,17,0,861,30,MF,0,0,0,0,0,9,8,9.6,adla¨ne guedioura|dz alg|1986,adla¨ne guedioura|2016/17
Kevin Wimmer,kevin wimmer,at AUT,2017/18,Premier League,2 Teams,17,0,1323,24,DF,0,0,0,0,0,14,3,14.7,kevin wimmer|at aut|1993,kevin wimmer|2017/18
Ryan Bennett,ryan bennett,eng ENG,2019/20,Premier League,2 Teams,16,0,937,29,DF,0,0,0,0,0,10,6,10.4,ryan bennett|eng eng|1990,ryan bennett|2019/20
Bryan Oviedo,bryan oviedo,cr CRC,2016/17,Premier League,2 Teams,16,0,1323,26,"DF,MF",0,0,0,0,0,16,0,14.7,bryan oviedo|cr crc|1990,bryan oviedo|2016/17
Jordon Mutch,jordon mutch,eng ENG,2014/15,Premier League,2 Teams,16,0,853,22,MF,1,1,0,0,0,10,6,9.5,jordon mutch|eng eng|1992,jordon mutch|2014/15
Andros Townsend,andros townsend,eng ENG,2015/16,Premier League,2 Teams,16,4,1154,24,"FW,MF",2,6,4,0,0,12,4,12.8,andros townsend|eng eng|1991,andros townsend|2015/16
Ryan Mason,ryan mason,eng ENG,2016/17,Premier League,2 Teams,16,1,927,25,MF,1,2,1,0,0,11,5,10.3,ryan mason|eng eng|1991,ryan mason|2016/17
Islam Slimani,islam slimani,dz ALG,2017/18,Premier League,2 Teams,16,1,381,29,FW,1,2,1,0,0,3,13,4.2,islam slimani|dz alg|1988,islam slimani|2017/18
Robert Huth,robert huth,de GER,2014/15,Premier League,2 Teams,15,1,1182,29,DF,0,1,1,0,0,14,1,13.1,robert huth|de ger|1985,robert huth|2014/15
Daniel Sturridge,daniel sturridge,eng ENG,2017/18,Premier League,2 Teams,15,2,549,27,FW,1,3,2,0,0,7,8,6.1,daniel sturridge|eng eng|1990,daniel sturridge|2017/18
Danny Simpson,danny simpson,eng ENG,2014/15,Premier League,2 Teams,15,0,1252,27,DF,0,0,0,0,0,14,1,13.9,danny simpson|eng eng|1987,danny simpson|2014/15
Mohamed DiamÃ©,mohamed diama©,sn SEN,2014/15,Premier League,2 Teams,15,4,934,27,MF,0,4,4,0,0,10,5,10.4,mohamed diama©|sn sen|1987,mohamed diama©|2014/15
Kyle Naughton,kyle naughton,eng ENG,2014/15,Premier League,2 Teams,15,0,1181,25,DF,1,1,0,0,0,15,0,13.1,kyle naughton|eng eng|1989,kyle naughton|2014/15
Yannick Bolasie,yannick bolasie,cd COD,2016/17,Premier League,2 Teams,14,1,1048,27,"FW,MF",4,5,1,0,0,12,2,11.6,yannick bolasie|cd cod|1989,yannick bolasie|2016/17
Patrick Bamford,patrick bamford,eng ENG,2016/17,Premier League,2 Teams,14,1,326,22,FW,0,1,1,0,0,2,12,3.6,patrick bamford|eng eng|1994,patrick bamford|2016/17
Leonardo Ulloa,leonardo ulloa,ar ARG,2017/18,Premier League,2 Teams,14,1,289,31,FW,0,1,1,0,0,2,12,3.2,leonardo ulloa|ar arg|1986,leonardo ulloa|2017/18
Yaya Sanogo,yaya sanogo,fr FRA,2014/15,Premier League,2 Teams,13,0,458,21,FW,0,0,0,0,0,5,8,5.1,yaya sanogo|fr fra|1993,yaya sanogo|2014/15
Kenedy,kenedy,br BRA,2017/18,Premier League,2 Teams,13,2,1023,21,MF,2,4,2,0,0,13,0,11.4,kenedy|br bra|1996,kenedy|2017/18
Nathan Dyer,nathan dyer,eng ENG,2015/16,Premier League,2 Teams,13,1,239,27,"FW,MF",1,2,1,0,0,0,13,2.7,nathan dyer|eng eng|1988,nathan dyer|2015/16
Patrick Bamford,patrick bamford,eng ENG,2015/16,Premier League,2 Teams,13,0,362,21,FW,0,0,0,0,0,2,11,4,patrick bamford|eng eng|1994,patrick bamford|2015/16
Kyle Walker-Peters,kyle walker-peters,eng ENG,2019/20,Premier League,2 Teams,13,0,944,22,DF,0,0,0,0,0,10,3,10.5,kyle walker-peters|eng eng|1997,kyle walker-peters|2019/20
Nathan AkÃ©,nathan aka©,nl NED,2016/17,Premier League,2 Teams,12,3,834,21,DF,0,3,3,0,0,9,3,9.3,nathan aka©|nl ned|1995,nathan aka©|2016/17
Scott Sinclair,scott sinclair,eng ENG,2014/15,Premier League,2 Teams,11,1,468,25,"FW,MF",0,1,1,0,0,5,6,5.2,scott sinclair|eng eng|1989,scott sinclair|2014/15
Mauro ZÃ¡rate,mauro za¡rate,ar ARG,2014/15,Premier League,2 Teams,11,2,487,27,"FW,MF",1,3,2,0,0,5,6,5.4,mauro za¡rate|ar arg|1987,mauro za¡rate|2014/15
Eliaquim Mangala,eliaquim mangala,fr FRA,2017/18,Premier League,2 Teams,11,0,622,26,DF,0,0,0,0,0,6,5,6.9,eliaquim mangala|fr fra|1991,eliaquim mangala|2017/18
Jason Puncheon,jason puncheon,eng ENG,2018/19,Premier League,2 Teams,11,0,395,32,MF,0,0,0,0,0,5,6,4.4,jason puncheon|eng eng|1986,jason puncheon|2018/19
Cenk Tosun,cenk tosun,tr TUR,2019/20,Premier League,2 Teams,10,2,468,28,FW,0,2,2,0,0,4,6,5.2,cenk tosun|tr tur|1991,cenk tosun|2019/20
Georges-KÃ©vin N'Koudou,georges-ka©vin n'koudou,cm CMR,2017/18,Premier League,2 Teams,9,0,229,22,"FW,MF",0,0,0,0,0,2,7,2.5,georges-ka©vin n'koudou|cm cmr|1995,georges-ka©vin n'koudou|2017/18
Tariq Lamptey,tariq lamptey,gh GHA,2019/20,Premier League,2 Teams,9,0,620,18,"DF,MF",1,1,0,0,0,7,2,6.9,tariq lamptey|gh gha|2001,tariq lamptey|2019/20
Steven Caulker,steven caulker,sl SLE,2015/16,Premier League,2 Teams,6,0,151,23,DF,0,0,0,0,0,1,5,1.7,steven caulker|sl sle|1992,steven caulker|2015/16
Mark Schwarzer,mark schwarzer,au AUS,2014/15,Premier League,2 Teams,6,0,540,41,GK,0,0,0,0,0,6,0,6,mark schwarzer|au aus|1973,mark schwarzer|2014/15
Danny Drinkwater,danny drinkwater,eng ENG,2019/20,Premier League,2 Teams,5,0,317,29,MF,0,0,0,0,0,5,0,3.5,danny drinkwater|eng eng|1990,danny drinkwater|2019/20
Marc Wilson,marc wilson,ie IRL,2016/17,Premier League,2 Teams,4,0,254,28,"DF,MF",0,0,0,0,0,3,1,2.8,marc wilson|ie irl|1988,marc wilson|2016/17
Brendan Galloway,brendan galloway,zw ZIM,2016/17,Premier League,2 Teams,3,0,247,20,DF,0,0,0,0,0,3,0,2.7,brendan galloway|zw zim|1996,brendan galloway|2016/17
Alex Pritchard,alex pritchard,eng ENG,2015/16,Premier League,2 Teams,3,0,69,22,"FW,MF",0,0,0,0,0,0,3,0.8,alex pritchard|eng eng|1993,alex pritchard|2015/16
Kenedy,kenedy,br BRA,2016/17,Premier League,2 Teams,2,0,90,20,"FW,MF",0,0,0,0,0,1,1,1,kenedy|br bra|1996,kenedy|2016/17
JosÃ© Fonte,josa© fonte,pt POR,2016/17,Premier League,2 Teams,33,0,2934,32,DF,0,0,0,0,0,33,0,32.6,josa© fonte|pt por|1984,josa© fonte|2016/17
Patrick van Aanholt,patrick van aanholt,nl NED,2016/17,Premier League,2 Teams,32,5,2498,25,"DF,MF",1,6,5,0,0,28,4,27.8,patrick van aanholt|nl ned|1991,patrick van aanholt|2016/17
Joleon Lescott,joleon lescott,eng ENG,2015/16,Premier League,2 Teams,32,1,2809,32,DF,0,1,1,0,0,32,0,31.2,joleon lescott|eng eng|1983,joleon lescott|2015/16
Tom Cleverley,tom cleverley,eng ENG,2014/15,Premier League,2 Teams,32,3,2597,24,MF,0,3,3,0,0,32,0,28.9,tom cleverley|eng eng|1990,tom cleverley|2014/15
Allan Nyom,allan nyom,cm CMR,2016/17,Premier League,2 Teams,32,0,2638,28,"DF,MF",1,1,0,0,0,29,3,29.3,allan nyom|cm cmr|1988,allan nyom|2016/17
Alexis SÃ¡nchez,alexis sa¡nchez,cl CHI,2017/18,Premier League,2 Teams,31,9,2546,28,MF,6,15,8,1,2,29,2,28.3,alexis sa¡nchez|cl chi|1989,alexis sa¡nchez|2017/18
Jonjo Shelvey,jonjo shelvey,eng ENG,2015/16,Premier League,2 Teams,31,1,2266,23,MF,5,6,0,1,1,25,6,25.2,jonjo shelvey|eng eng|1992,jonjo shelvey|2015/16
AndrÃ© Ayew,andra© ayew,gh GHA,2017/18,Premier League,2 Teams,30,3,1845,27,"MF,FW",4,7,3,0,1,19,11,20.5,andra© ayew|gh gha|1990,andra© ayew|2017/18
Wilfried Bony,wilfried bony,ci CIV,2014/15,Premier League,2 Teams,30,11,1599,25,FW,3,14,10,1,1,18,12,17.8,wilfried bony|ci civ|1989,wilfried bony|2014/15
Olivier Giroud,olivier giroud,fr FRA,2017/18,Premier League,2 Teams,29,7,1001,30,FW,2,9,7,0,0,7,22,11.1,olivier giroud|fr fra|1987,olivier giroud|2017/18
Aaron Lennon,aaron lennon,eng ENG,2017/18,Premier League,2 Teams,29,0,1911,30,MF,2,2,0,0,0,22,7,21.2,aaron lennon|eng eng|1987,aaron lennon|2017/18
Jack Wilshere,jack wilshere,eng ENG,2016/17,Premier League,2 Teams,29,0,1949,24,MF,2,2,0,0,0,22,7,21.7,jack wilshere|eng eng|1992,jack wilshere|2016/17
Michael Dawson,michael dawson,eng ENG,2014/15,Premier League,2 Teams,28,1,2432,30,DF,0,1,1,0,0,28,0,27,michael dawson|eng eng|1984,michael dawson|2014/15
Tom Cleverley,tom cleverley,eng ENG,2016/17,Premier League,2 Teams,27,0,1847,26,MF,2,2,0,0,0,20,7,20.5,tom cleverley|eng eng|1990,tom cleverley|2016/17
Jack Cork,jack cork,eng ENG,2014/15,Premier League,2 Teams,27,3,1805,25,"DF,MF",0,3,3,0,0,20,7,20.1,jack cork|eng eng|1989,jack cork|2014/15
Danny Welbeck,danny welbeck,eng ENG,2014/15,Premier League,2 Teams,27,4,1709,23,"FW,MF",4,8,4,0,0,18,9,19,danny welbeck|eng eng|1991,danny welbeck|2014/15
Darren Fletcher,darren fletcher,sct SCO,2014/15,Premier League,2 Teams,26,1,1719,30,MF,0,1,1,0,0,19,7,19.1,darren fletcher|sct sco|1984,darren fletcher|2014/15
Henrikh Mkhitaryan,henrikh mkhitaryan,am ARM,2017/18,Premier League,2 Teams,26,3,1716,28,"MF,FW",9,12,3,0,0,20,6,19.1,henrikh mkhitaryan|am arm|1989,henrikh mkhitaryan|2017/18
Virgil van Dijk,virgil van dijk,nl NED,2017/18,Premier League,2 Teams,26,0,2254,26,DF,0,0,0,0,0,25,1,25,virgil van dijk|nl ned|1991,virgil van dijk|2017/18
Calum Chambers,calum chambers,eng ENG,2016/17,Premier League,2 Teams,25,2,2250,21,DF,1,3,2,0,0,25,0,25,calum chambers|eng eng|1995,calum chambers|2016/17
Enner Valencia,enner valencia,ec ECU,2016/17,Premier League,2 Teams,24,3,927,26,FW,1,4,3,0,0,8,16,10.3,enner valencia|ec ecu|1990,enner valencia|2016/17
GastÃ³n RamÃ­rez,gasta³n rama­rez,uy URU,2014/15,Premier League,2 Teams,23,1,1015,23,"FW,MF",2,3,1,0,0,11,12,11.3,gasta³n rama­rez|uy uru|1991,gasta³n rama­rez|2014/15
Aaron Lennon,aaron lennon,eng ENG,2014/15,Premier League,2 Teams,23,2,1347,27,"FW,MF",2,4,2,0,0,15,8,15,aaron lennon|eng eng|1987,aaron lennon|2014/15
YounÃ¨s Kaboul,youna¨s kaboul,fr FRA,2016/17,Premier League,2 Teams,23,2,1910,30,DF,0,2,2,0,0,23,0,21.2,youna¨s kaboul|fr fra|1986,youna¨s kaboul|2016/17
Steven Naismith,steven naismith,sct SCO,2015/16,Premier League,2 Teams,23,4,1325,28,MF,2,6,4,0,0,15,8,14.7,steven naismith|sct sco|1987,steven naismith|2015/16
Danny Rose,danny rose,eng ENG,2019/20,Premier League,2 Teams,23,0,1756,29,"DF,MF",0,0,0,0,0,20,3,19.5,danny rose|eng eng|1990,danny rose|2019/20
Matthew Jarvis,matthew jarvis,eng ENG,2015/16,Premier League,2 Teams,22,1,1093,29,MF,1,2,1,0,0,13,9,12.1,matthew jarvis|eng eng|1986,matthew jarvis|2015/16
Michael Keane,michael keane,eng ENG,2014/15,Premier League,2 Teams,22,0,1645,21,DF,1,1,0,0,0,17,5,18.3,michael keane|eng eng|1993,michael keane|2014/15
Andy King,andy king,wls WAL,2017/18,Premier League,2 Teams,22,3,1252,28,MF,1,4,3,0,0,14,8,13.9,andy king|wls wal|1989,andy king|2017/18
Lewis Grabban,lewis grabban,eng ENG,2015/16,Premier League,2 Teams,21,1,827,27,FW,0,1,1,0,0,7,14,9.2,lewis grabban|eng eng|1988,lewis grabban|2015/16
LoÃ¯c RÃ©my,loa¯c ra©my,fr FRA,2014/15,Premier League,2 Teams,21,7,852,27,FW,0,7,7,0,0,8,13,9.5,loa¯c ra©my|fr fra|1987,loa¯c ra©my|2014/15
CÃ©dric Soares,ca©dric soares,pt POR,2019/20,Premier League,2 Teams,21,1,1555,27,MF,1,2,1,0,0,19,2,17.3,ca©dric soares|pt por|1992,ca©dric soares|2019/20
Victor Moses,victor moses,ng NGA,2015/16,Premier League,2 Teams,21,1,979,24,"MF,FW",2,3,1,0,0,13,8,10.9,victor moses|ng nga|1991,victor moses|2015/16
Glenn Murray,glenn murray,eng ENG,2015/16,Premier League,2 Teams,21,3,802,31,FW,0,3,3,0,1,8,13,8.9,glenn murray|eng eng|1984,glenn murray|2015/16
Theo Walcott,theo walcott,eng ENG,2017/18,Premier League,2 Teams,20,3,1221,28,"FW,MF",3,6,3,0,0,13,7,13.6,theo walcott|eng eng|1989,theo walcott|2017/18
Jeffrey Schlupp,jeffrey schlupp,gh GHA,2016/17,Premier League,2 Teams,19,0,1139,23,DF,0,0,0,0,0,12,7,12.7,jeffrey schlupp|gh gha|1993,jeffrey schlupp|2016/17
Nathaniel Clyne,nathaniel clyne,eng ENG,2018/19,Premier League,2 Teams,18,0,1254,27,DF,1,1,0,0,0,14,4,13.9,nathaniel clyne|eng eng|1991,nathaniel clyne|2018/19
Tom Carroll,tom carroll,eng ENG,2016/17,Premier League,2 Teams,18,1,1388,24,MF,2,3,1,0,0,16,2,15.4,tom carroll|eng eng|1992,tom carroll|2016/17
Oumar Niasse,oumar niasse,sn SEN,2018/19,Premier League,2 Teams,18,0,994,28,FW,0,0,0,0,0,12,6,11,oumar niasse|sn sen|1990,oumar niasse|2018/19
Jake Livermore,jake livermore,eng ENG,2016/17,Premier League,2 Teams,37,1,2971,26,MF,0,1,1,0,0,35,2,33,jake livermore|eng eng|1990,jake livermore|2016/17
George Boyd,george boyd,sct SCO,2014/15,Premier League,2 Teams,36,5,3015,28,"FW,MF",2,7,5,0,0,35,1,33.5,george boyd|sct sco|1986,george boyd|2014/15
Danny Ings,danny ings,eng ENG,2022/23,Premier League,2 Teams,35,8,1599,30,FW,2,10,6,2,2,15,20,17.8,danny ings|eng eng|1992,danny ings|2022/23
Brennan Johnson,brennan johnson,wls WAL,2023/24,Premier League,2 Teams,35,5,2322,22,"MF,FW",10,15,5,0,0,26,9,25.8,brennan johnson|wls wal|2001,brennan johnson|2023/24
Chris Wood,chris wood,nz NZL,2021/22,Premier League,2 Teams,34,5,2694,29,FW,0,5,4,1,1,32,2,29.9,chris wood|nz nzl|1992,chris wood|2021/22
Robert Snodgrass,robert snodgrass,sct SCO,2020/21,Premier League,2 Teams,11,0,531,32,MF,0,0,0,0,0,6,5,5.9,robert snodgrass|sct sco|1988,robert snodgrass|2020/21
Willy Boly,willy boly,ci CIV,2022/23,Premier League,2 Teams,11,0,685,31,DF,1,1,0,0,0,9,2,7.6,willy boly|ci civ|1991,willy boly|2022/23
Anwar El Ghazi,anwar el ghazi,nl NED,2021/22,Premier League,2 Teams,11,1,399,26,"MF,FW",1,2,0,1,1,4,7,4.4,anwar el ghazi|nl ned|1995,anwar el ghazi|2021/22
CÃ©dric Soares,ca©dric soares,pt POR,2022/23,Premier League,2 Teams,8,0,227,30,"DF,MF",0,0,0,0,0,2,6,2.5,ca©dric soares|pt por|1992,ca©dric soares|2022/23
Dale Stephens,dale stephens,eng ENG,2020/21,Premier League,2 Teams,7,0,261,31,MF,0,0,0,0,0,3,4,2.9,dale stephens|eng eng|1989,dale stephens|2020/21
Sam Johnstone,sam johnstone,eng ENG,2024/25,Premier League,2 Teams,7,0,630,31,GK,0,0,0,0,0,7,0,7,sam johnstone|eng eng|1993,sam johnstone|2024/25
Odsonne Ãdouard,odsonne adouard,fr FRA,2024/25,Premier League,2 Teams,6,0,144,26,MF,0,0,0,0,0,1,5,1.6,odsonne adouard|fr fra|1998,odsonne adouard|2024/25
Ayden Heaven,ayden heaven,eng ENG,2024/25,Premier League,2 Teams,4,0,170,17,DF,0,0,0,0,0,2,2,1.9,ayden heaven|eng eng|2007,ayden heaven|2024/25
Martin DÃºbravka,martin daºbravka,sk SVK,2022/23,Premier League,2 Teams,2,0,157,33,GK,0,0,0,0,0,1,1,1.7,martin daºbravka|sk svk|1989,martin daºbravka|2022/23
Neto,neto,br BRA,2024/25,Premier League,2 Teams,2,0,180,35,GK,0,0,0,0,0,2,0,2,neto|br bra|1989,neto|2024/25
Andrey Santos,andrey santos,br BRA,2023/24,Premier League,2 Teams,1,0,8,19,MF,0,0,0,0,0,0,1,0.1,andrey santos|br bra|2004,andrey santos|2023/24
Daniel James,daniel james,wls WAL,2021/22,Premier League,2 Teams,34,4,2492,23,MF,4,8,4,0,0,31,3,27.7,daniel james|wls wal|1998,daniel james|2021/22
Cole Palmer,cole palmer,eng ENG,2023/24,Premier League,2 Teams,34,22,2618,21,"MF,FW",11,33,13,9,9,29,5,29.1,cole palmer|eng eng|2002,cole palmer|2023/24
Matt Targett,matt targett,eng ENG,2021/22,Premier League,2 Teams,33,1,2871,25,"DF,MF",1,2,1,0,0,33,0,31.9,matt targett|eng eng|1996,matt targett|2021/22
Anthony Gordon,anthony gordon,eng ENG,2022/23,Premier League,2 Teams,32,4,1582,21,"FW,MF",0,4,4,0,0,16,16,17.6,anthony gordon|eng eng|2001,anthony gordon|2022/23
Jorginho,jorginho,it ITA,2022/23,Premier League,2 Teams,32,2,2134,30,MF,1,3,0,2,2,24,8,23.7,jorginho|it ita|1992,jorginho|2022/23
Alex Iwobi,alex iwobi,ng NGA,2023/24,Premier League,2 Teams,32,5,2332,27,MF,2,7,5,0,0,27,5,25.9,alex iwobi|ng nga|1996,alex iwobi|2023/24
Neal Maupay,neal maupay,fr FRA,2023/24,Premier League,2 Teams,31,6,1432,26,FW,3,9,6,0,0,14,17,15.9,neal maupay|fr fra|1997,neal maupay|2023/24
James Mcatee,james mcatee,eng ENG,2023/24,Premier League,2 Teams,31,3,1823,20,"MF,FW",3,6,2,1,1,20,11,20.3,james mcatee|eng eng|2003,james mcatee|2023/24
Jordan Ayew,jordan ayew,gh GHA,2024/25,Premier League,2 Teams,31,5,1659,32,"FW,MF",0,5,4,1,1,19,12,18.4,jordan ayew|gh gha|1992,jordan ayew|2024/25
Ruben Loftus-Cheek,ruben loftus-cheek,eng ENG,2020/21,Premier League,2 Teams,31,1,1969,24,FW,0,1,1,0,0,22,9,21.9,ruben loftus-cheek|eng eng|1996,ruben loftus-cheek|2020/21
Cameron Archer,cameron archer,eng ENG,2023/24,Premier League,2 Teams,30,4,1838,22,"FW,MF",1,5,4,0,0,21,9,20.4,cameron archer|eng eng|2001,cameron archer|2023/24
Aaron Ramsdale,aaron ramsdale,eng ENG,2024/25,Premier League,2 Teams,30,0,2700,26,GK,0,0,0,0,0,30,0,30,aaron ramsdale|eng eng|1998,aaron ramsdale|2024/25
Joachim Andersen,joachim andersen,dk DEN,2024/25,Premier League,2 Teams,30,0,2673,28,DF,0,0,0,0,0,30,0,29.7,joachim andersen|dk den|1996,joachim andersen|2024/25
Lucas Digne,lucas digne,fr FRA,2021/22,Premier League,2 Teams,29,0,2439,28,DF,4,4,0,0,0,29,0,27.1,lucas digne|fr fra|1993,lucas digne|2021/22
Eddie Nketiah,eddie nketiah,eng ENG,2024/25,Premier League,2 Teams,29,3,1034,25,FW,1,4,3,0,0,9,20,11.5,eddie nketiah|eng eng|1999,eddie nketiah|2024/25
Dan Burn,dan burn,eng ENG,2021/22,Premier League,2 Teams,29,1,2462,29,DF,1,2,1,0,0,28,1,27.4,dan burn|eng eng|1992,dan burn|2021/22
Neal Maupay,neal maupay,fr FRA,2022/23,Premier League,2 Teams,27,1,1118,25,"FW,MF",0,1,1,0,0,11,16,12.4,neal maupay|fr fra|1997,neal maupay|2022/23
Ross Barkley,ross barkley,eng ENG,2020/21,Premier League,2 Teams,26,3,1573,26,MF,1,4,3,0,0,18,8,17.5,ross barkley|eng eng|1994,ross barkley|2020/21
Brandon Williams,brandon williams,eng ENG,2021/22,Premier League,2 Teams,26,0,2120,20,DF,1,1,0,0,0,23,3,23.6,brandon williams|eng eng|2001,brandon williams|2021/22
Ainsley Maitland-Niles,ainsley maitland-niles,eng ENG,2020/21,Premier League,2 Teams,26,0,1720,22,"MF,DF",0,0,0,0,0,19,7,19.1,ainsley maitland-niles|eng eng|1998,ainsley maitland-niles|2020/21
Sergio ReguilÃ³n,sergio reguila³n,es ESP,2023/24,Premier League,2 Teams,25,0,1530,26,DF,4,4,0,0,0,18,7,17,sergio reguila³n|es esp|1997,sergio reguila³n|2023/24
Craig Dawson,craig dawson,eng ENG,2022/23,Premier League,2 Teams,25,1,2134,32,DF,0,1,1,0,0,25,0,23.7,craig dawson|eng eng|1990,craig dawson|2022/23
Chris Wood,chris wood,nz NZL,2022/23,Premier League,2 Teams,25,3,818,30,FW,0,3,2,1,1,9,16,9.1,chris wood|nz nzl|1992,chris wood|2022/23
Trevoh Chalobah,trevoh chalobah,eng ENG,2024/25,Premier League,2 Teams,25,3,1970,25,DF,1,4,3,0,0,23,2,21.9,trevoh chalobah|eng eng|1999,trevoh chalobah|2024/25
Julio Enciso,julio enciso,py PAR,2024/25,Premier League,2 Teams,25,2,1163,20,MF,3,5,2,0,0,14,11,12.9,julio enciso|py par|2004,julio enciso|2024/25
Marcus Rashford,marcus rashford,eng ENG,2024/25,Premier League,2 Teams,25,6,1422,26,MF,3,9,5,1,1,16,9,15.8,marcus rashford|eng eng|1998,marcus rashford|2024/25
Conor Coady,conor coady,eng ENG,2022/23,Premier League,2 Teams,24,1,2096,29,"DF,MF",1,2,1,0,0,23,1,23.3,conor coady|eng eng|1993,conor coady|2022/23
James Ward-Prowse,james ward-prowse,eng ENG,2024/25,Premier League,2 Teams,24,1,1439,29,MF,2,3,1,0,0,17,7,16,james ward-prowse|eng eng|1995,james ward-prowse|2024/25
Leander Dendoncker,leander dendoncker,be BEL,2022/23,Premier League,2 Teams,24,0,911,27,MF,0,0,0,0,0,9,15,10.1,leander dendoncker|be bel|1995,leander dendoncker|2022/23
Daniel James,daniel james,wls WAL,2022/23,Premier League,2 Teams,24,2,819,24,MF,1,3,2,0,0,7,17,9.1,daniel james|wls wal|1998,daniel james|2022/23
Kurt Zouma,kurt zouma,fr FRA,2021/22,Premier League,2 Teams,24,1,2078,26,DF,0,1,1,0,0,24,0,23.1,kurt zouma|fr fra|1995,kurt zouma|2021/22
Jan Bednarek,jan bednarek,pl POL,2022/23,Premier League,2 Teams,23,0,1772,26,DF,0,0,0,0,0,21,2,19.7,jan bednarek|pl pol|1996,jan bednarek|2022/23
Theo Walcott,theo walcott,eng ENG,2020/21,Premier League,2 Teams,22,3,1631,31,"MF,FW",3,6,3,0,0,20,2,18.1,theo walcott|eng eng|1989,theo walcott|2020/21
Jaden Philogene Bidace,jaden philogene bidace,eng ENG,2024/25,Premier League,2 Teams,21,2,806,22,MF,0,2,2,0,0,7,14,9,jaden philogene bidace|eng eng|2002,jaden philogene bidace|2024/25
Evan Ferguson,evan ferguson,ie IRL,2024/25,Premier League,2 Teams,21,1,402,19,FW,0,1,1,0,0,3,18,4.5,evan ferguson|ie irl|2005,evan ferguson|2024/25
Armando Broja,armando broja,al ALB,2023/24,Premier League,2 Teams,21,1,542,21,FW,1,2,1,0,0,6,15,6,armando broja|al alb|2002,armando broja|2023/24
Joe Willock,joe willock,eng ENG,2020/21,Premier League,2 Teams,21,8,1216,20,MF,0,8,8,0,1,13,8,13.5,joe willock|eng eng|2000,joe willock|2020/21
Dele Alli,dele alli,eng ENG,2021/22,Premier League,2 Teams,21,1,995,25,MF,0,1,0,1,1,9,12,11.1,dele alli|eng eng|1996,dele alli|2021/22
Diogo Jota,diogo jota,pt POR,2020/21,Premier League,2 Teams,19,9,1112,23,"FW,MF",0,9,9,0,0,12,7,12.4,diogo jota|pt por|1997,diogo jota|2020/21
Matheus Nunes,matheus nunes,pt POR,2023/24,Premier League,2 Teams,19,0,840,24,MF,2,2,0,0,0,9,10,9.3,matheus nunes|pt por|1999,matheus nunes|2023/24
Takumi Minamino,takumi minamino,jp JPN,2020/21,Premier League,2 Teams,19,3,1004,25,"MF,FW",0,3,3,0,0,11,8,11.2,takumi minamino|jp jpn|1995,takumi minamino|2020/21
Dean Henderson,dean henderson,eng ENG,2023/24,Premier League,2 Teams,18,0,1620,26,GK,0,0,0,0,0,18,0,18,dean henderson|eng eng|1997,dean henderson|2023/24
Wesley Fofana,wesley fofana,fr FRA,2022/23,Premier League,2 Teams,17,1,1363,21,DF,0,1,1,0,0,14,3,15.1,wesley fofana|fr fra|2001,wesley fofana|2022/23
Jack Stephens,jack stephens,eng ENG,2022/23,Premier League,2 Teams,17,0,1219,28,DF,0,0,0,0,0,13,4,13.5,jack stephens|eng eng|1994,jack stephens|2022/23
Carlos Alcaraz,carlos alcaraz,ar ARG,2024/25,Premier League,2 Teams,16,2,774,21,MF,3,5,2,0,0,7,9,8.6,carlos alcaraz|ar arg|2003,carlos alcaraz|2024/25
James Garner,james garner,eng ENG,2022/23,Premier League,2 Teams,16,0,804,21,MF,1,1,0,0,0,7,9,8.9,james garner|eng eng|2001,james garner|2022/23
Jesse Lingard,jesse lingard,eng ENG,2020/21,Premier League,2 Teams,16,9,1421,27,"FW,MF",4,13,8,1,2,16,0,15.8,jesse lingard|eng eng|1993,jesse lingard|2020/21
Albert Sambi Lokonga,albert sambi lokonga,be BEL,2022/23,Premier League,2 Teams,15,0,734,22,MF,0,0,0,0,0,8,7,8.2,albert sambi lokonga|be bel|2000,albert sambi lokonga|2022/23
Donny van de Beek,donny van de beek,nl NED,2021/22,Premier League,2 Teams,15,2,558,24,MF,0,2,2,0,0,5,10,6.2,donny van de beek|nl ned|1997,donny van de beek|2021/22
Mathew Ryan,mathew ryan,au AUS,2020/21,Premier League,2 Teams,14,0,1260,28,GK,0,0,0,0,0,14,0,14,mathew ryan|au aus|1992,mathew ryan|2020/21
Billy Gilmour,billy gilmour,sct SCO,2022/23,Premier League,2 Teams,14,0,507,21,MF,1,1,0,0,0,7,7,5.6,billy gilmour|sct sco|2001,billy gilmour|2022/23
Axel Disasi,axel disasi,fr FRA,2024/25,Premier League,2 Teams,13,1,854,26,DF,0,1,1,0,0,9,4,9.5,axel disasi|fr fra|1998,axel disasi|2024/25
Calum Chambers,calum chambers,eng ENG,2021/22,Premier League,2 Teams,13,1,1001,26,DF,0,1,1,0,0,11,2,11.1,calum chambers|eng eng|1995,calum chambers|2021/22
Kalvin Phillips,kalvin phillips,eng ENG,2023/24,Premier League,2 Teams,12,0,402,27,MF,0,0,0,0,0,3,9,4.5,kalvin phillips|eng eng|1996,kalvin phillips|2023/24
Reiss Nelson,reiss nelson,eng ENG,2024/25,Premier League,2 Teams,12,1,490,24,"FW,MF",1,2,1,0,0,5,7,5.4,reiss nelson|eng eng|2000,reiss nelson|2024/25
Jonjo Shelvey,jonjo shelvey,eng ENG,2022/23,Premier League,2 Teams,11,0,577,30,MF,0,0,0,0,0,6,5,6.4,jonjo shelvey|eng eng|1992,jonjo shelvey|2022/23
Morgan Gibbs-White,morgan gibbs-white,eng ENG,2022/23,Premier League,2 Teams,37,5,3151,22,MF,8,13,3,2,2,36,1,35,morgan gibbs-white|eng eng|2000,morgan gibbs-white|2022/23
Moussa Sissoko,moussa sissoko,fr FRA,2021/22,Premier League,2 Teams,36,2,3220,31,MF,1,3,2,0,0,36,0,35.8,moussa sissoko|fr fra|1990,moussa sissoko|2021/22
Leandro Trossard,leandro trossard,be BEL,2022/23,Premier League,2 Teams,36,8,2246,27,FW,12,20,8,0,0,26,10,25,leandro trossard|be bel|1995,leandro trossard|2022/23
Rick Holden,rick holden,eng ENG,1993/94,Premier League,2 Teams,38,6,3301,28,MF,6,12,5,1,2,37,1,36.7,rick holden|eng eng|1965,rick holden|1993/94
Peter Beagrie,peter beagrie,eng ENG,1993/94,Premier League,2 Teams,38,5,3256,27,FW,7,12,,,,38,0,36.2,peter beagrie|eng eng|1966,peter beagrie|1993/94
Phil Babb,phil babb,ie IRL,1994/95,Premier League,2 Teams,37,0,3197,23,DF,1,1,0,0,0,36,1,35.5,phil babb|ie irl|1971,phil babb|1994/95
Emerson Thome,emerson thome,br BRA,1999/00,Premier League,2 Teams,37,0,3141,27,DF,1,1,0,0,0,34,3,34.9,emerson thome|br bra|1972,emerson thome|1999/00
Jeff Kenna,jeff kenna,ie IRL,1994/95,Premier League,2 Teams,37,1,3290,23,DF,5,6,,,,37,0,36.6,jeff kenna|ie irl|1971,jeff kenna|1994/95
Terry Phelan,terry phelan,ie IRL,1995/96,Premier League,2 Teams,21,0,1840,28,DF,1,1,,,,21,0,20.4,terry phelan|ie irl|1967,terry phelan|1995/96
Colin Calderwood,colin calderwood,sct SCO,1998/99,Premier League,2 Teams,20,0,1631,33,DF,0,0,0,0,0,19,1,18.1,colin calderwood|sct sco|1965,colin calderwood|1998/99
Duncan Ferguson,duncan ferguson,sct SCO,1998/99,Premier League,2 Teams,20,6,1686,26,FW,0,6,,,,20,0,18.7,duncan ferguson|sct sco|1972,duncan ferguson|1998/99
Anders Limpar,anders limpar,se SWE,1993/94,Premier League,2 Teams,19,0,1553,27,MF,3,3,0,0,0,18,1,17.3,anders limpar|se swe|1966,anders limpar|1993/94
Paolo Di Canio,paolo di canio,it ITA,1998/99,Premier League,2 Teams,19,7,1526,30,FW,2,9,7,0,0,17,2,17,paolo di canio|it ita|1968,paolo di canio|1998/99
Andy Sinton,andy sinton,eng ENG,1995/96,Premier League,2 Teams,19,0,1383,29,MF,1,1,,,,15,4,15.4,andy sinton|eng eng|1966,andy sinton|1995/96
Christian Dailly,christian dailly,sct SCO,1998/99,Premier League,2 Teams,18,0,1334,24,DF,0,0,0,0,0,15,3,14.8,christian dailly|sct sco|1974,christian dailly|1998/99
David Batty,david batty,eng ENG,1998/99,Premier League,2 Teams,18,0,1482,29,MF,0,0,0,0,0,16,2,16.5,david batty|eng eng|1969,david batty|1998/99
John Salako,john salako,eng ENG,1997/98,Premier League,2 Teams,18,0,1122,28,MF,1,1,0,0,0,11,7,12.5,john salako|eng eng|1969,john salako|1997/98
Terry Phelan,terry phelan,ie IRL,1996/97,Premier League,2 Teams,18,0,1387,29,DF,0,0,0,0,0,16,2,15.4,terry phelan|ie irl|1967,terry phelan|1996/97
Ronny Rosenthal,ronny rosenthal,il ISR,1993/94,Premier League,2 Teams,18,2,1101,29,"FW,MF",2,4,2,0,0,11,7,12.2,ronny rosenthal|il isr|1964,ronny rosenthal|1993/94
Nigel Clough,nigel clough,eng ENG,1995/96,Premier League,2 Teams,17,2,1443,29,"FW,MF",3,5,,,,16,1,16,nigel clough|eng eng|1966,nigel clough|1995/96
Paul Kitson,paul kitson,eng ENG,1996/97,Premier League,2 Teams,17,8,1307,25,FW,2,10,8,0,0,14,3,14.5,paul kitson|eng eng|1971,paul kitson|1996/97
Gordon Strachan,gordon strachan,sct SCO,1994/95,Premier League,2 Teams,17,0,847,37,MF,3,3,0,0,0,16,1,9.4,gordon strachan|sct sco|1957,gordon strachan|1994/95
John Pemberton,john pemberton,eng ENG,1993/94,Premier League,2 Teams,17,0,1335,28,DF,0,0,0,0,0,14,3,14.8,john pemberton|eng eng|1965,john pemberton|1993/94
Graham Fenton,graham fenton,eng ENG,1995/96,Premier League,2 Teams,17,6,648,21,MF,2,8,,,,4,13,7.2,graham fenton|eng eng|1974,graham fenton|1995/96
LuÃ­s Boa Morte,lua­s boa morte,pt POR,1999/00,Premier League,2 Teams,16,1,604,21,"FW,MF",1,2,1,0,0,6,10,6.7,lua­s boa morte|pt por|1978,lua­s boa morte|1999/00
Perry Groves,perry groves,eng ENG,1992/93,Premier League,2 Teams,16,2,1039,27,MF,1,3,2,0,0,13,3,11.5,perry groves|eng eng|1965,perry groves|1992/93
John Scales,john scales,eng ENG,1996/97,Premier League,2 Teams,15,0,1142,30,DF,1,1,0,0,0,13,2,12.7,john scales|eng eng|1966,john scales|1996/97
Darren Beckford,darren beckford,eng ENG,1992/93,Premier League,2 Teams,15,4,1091,25,FW,1,5,4,0,0,13,2,12.1,darren beckford|eng eng|1967,darren beckford|1992/93
Franz Carr,franz carr,eng ENG,1994/95,Premier League,2 Teams,15,1,1011,27,"FW,MF",1,2,1,0,0,12,3,11.2,franz carr|eng eng|1967,franz carr|1994/95
SaÅ¡a ÄurÄiÄ,saa¡a auraia,,1997/98,Premier League,2 Teams,15,1,755,25,MF,1,2,1,0,0,9,6,8.4,saa¡a auraia||1972,saa¡a auraia|1997/98
Paul Warhurst,paul warhurst,eng ENG,1993/94,Premier League,2 Teams,13,0,736,23,"DF,MF",1,1,0,0,0,8,5,8.2,paul warhurst|eng eng|1970,paul warhurst|1993/94
Alan Wright,alan wright,eng ENG,1994/95,Premier League,2 Teams,13,0,1079,22,DF,0,0,,,,12,1,12,alan wright|eng eng|1972,alan wright|1994/95
Chris Kamara,chris kamara,eng ENG,1992/93,Premier League,2 Teams,13,0,798,34,MF,0,0,0,0,0,9,4,8.9,chris kamara|eng eng|1958,chris kamara|1992/93
John Barnes,john barnes,eng ENG,1998/99,Premier League,2 Teams,13,0,473,34,"DF,FW",0,0,0,0,0,2,11,5.3,john barnes|eng eng|1964,john barnes|1998/99
Stephen Hughes,stephen hughes,eng ENG,1999/00,Premier League,2 Teams,13,1,998,22,MF,3,4,1,0,0,12,1,11.1,stephen hughes|eng eng|1977,stephen hughes|1999/00
Brian Kilcline,brian kilcline,eng ENG,1993/94,Premier League,2 Teams,11,0,990,31,DF,0,0,0,0,0,11,0,11,brian kilcline|eng eng|1962,brian kilcline|1993/94
Peter Reid,peter reid,eng ENG,1993/94,Premier League,2 Teams,11,0,721,37,MF,0,0,0,0,0,8,3,8,peter reid|eng eng|1956,peter reid|1993/94
Neil Webb,neil webb,eng ENG,1992/93,Premier League,2 Teams,10,0,830,29,"DF,MF",2,2,0,0,0,9,1,9.2,neil webb|eng eng|1963,neil webb|1992/93
Marc Hottiger,marc hottiger,ch SUI,1995/96,Premier League,2 Teams,10,1,821,27,DF,1,2,1,0,0,9,1,9.1,marc hottiger|ch sui|1968,marc hottiger|1995/96
Andy Pearce,andy pearce,eng ENG,1995/96,Premier League,2 Teams,10,0,727,29,DF,0,0,,,,9,1,8.1,andy pearce|eng eng|1966,andy pearce|1995/96
Gary Walsh,gary walsh,eng ENG,1993/94,Premier League,2 Teams,9,0,782,25,GK,0,0,0,0,0,8,1,8.7,gary walsh|eng eng|1968,gary walsh|1993/94
Paul Parker,paul parker,eng ENG,1996/97,Premier League,2 Teams,8,0,461,32,DF,0,0,,,,5,3,5.1,paul parker|eng eng|1964,paul parker|1996/97
Ilie Dumitrescu,ilie dumitrescu,ro ROU,1995/96,Premier League,2 Teams,8,0,617,26,"FW,MF",0,0,,,,7,1,6.9,ilie dumitrescu|ro rou|1969,ilie dumitrescu|1995/96
Alan McLeary,alan mcleary,eng ENG,1992/93,Premier League,2 Teams,7,0,587,27,DF,0,0,0,0,0,7,0,6.5,alan mcleary|eng eng|1965,alan mcleary|1992/93
Mark Kennedy,mark kennedy,ie IRL,1997/98,Premier League,2 Teams,5,0,379,21,"DF,MF",1,1,0,0,,4,1,4.2,mark kennedy|ie irl|1976,mark kennedy|1997/98
Simon Tracey,simon tracey,eng ENG,1994/95,Premier League,2 Teams,4,0,360,26,GK,0,0,0,0,0,4,0,4,simon tracey|eng eng|1968,simon tracey|1994/95
Ray Wilkins,ray wilkins,eng ENG,1994/95,Premier League,2 Teams,3,0,173,37,MF,0,0,,,,2,1,1.9,ray wilkins|eng eng|1957,ray wilkins|1994/95
Steve Livingstone,steve livingstone,eng ENG,1992/93,Premier League,2 Teams,3,0,142,22,FW,0,0,0,0,0,1,2,1.6,steve livingstone|eng eng|1970,steve livingstone|1992/93
Neil Heaney,neil heaney,eng ENG,1993/94,Premier League,2 Teams,3,0,246,21,MF,0,0,0,0,0,3,0,2.7,neil heaney|eng eng|1972,neil heaney|1993/94
Steve Stone,steve stone,eng ENG,1998/99,Premier League,2 Teams,36,3,3095,26,MF,6,9,,,,35,1,34.4,steve stone|eng eng|1972,steve stone|1998/99
Ray Houghton,ray houghton,ie IRL,1994/95,Premier League,2 Teams,36,3,2690,32,MF,2,5,,,,29,7,29.9,ray houghton|ie irl|1962,ray houghton|1994/95
Andy Roberts,andy roberts,eng ENG,1997/98,Premier League,2 Teams,36,1,3197,23,MF,1,2,1,0,0,36,0,35.5,andy roberts|eng eng|1974,andy roberts|1997/98
Andy Cole,andy cole,eng ENG,1994/95,Premier League,2 Teams,36,21,3195,22,FW,5,26,,,,35,1,35.5,andy cole|eng eng|1972,andy cole|1994/95
Ian Taylor,ian taylor,eng ENG,1994/95,Premier League,2 Teams,36,2,2807,26,MF,3,5,,,,31,5,31.2,ian taylor|eng eng|1968,ian taylor|1994/95
David Batty,david batty,eng ENG,1993/94,Premier League,2 Teams,35,0,3081,24,MF,3,3,0,0,0,34,1,34.2,david batty|eng eng|1969,david batty|1993/94
Emile Heskey,emile heskey,eng ENG,1999/00,Premier League,2 Teams,35,10,3044,21,FW,4,14,,,,35,0,33.8,emile heskey|eng eng|1978,emile heskey|1999/00
Mike Marsh,mike marsh,eng ENG,1993/94,Premier League,2 Teams,35,2,2970,24,"FW,MF",4,6,2,0,0,33,2,33,mike marsh|eng eng|1969,mike marsh|1993/94
Ian Pearce,ian pearce,eng ENG,1997/98,Premier League,2 Teams,35,1,2928,23,DF,2,3,1,0,0,31,4,32.5,ian pearce|eng eng|1974,ian pearce|1997/98
Nick Barmby,nick barmby,eng ENG,1996/97,Premier League,2 Teams,35,5,2829,22,"FW,MF",8,13,5,0,0,32,3,31.4,nick barmby|eng eng|1974,nick barmby|1996/97
Gordon Watson,gordon watson,eng ENG,1994/95,Premier League,2 Teams,35,5,1781,23,FW,1,6,,,,17,18,19.8,gordon watson|eng eng|1971,gordon watson|1994/95
Mark Bright,mark bright,eng ENG,1992/93,Premier League,2 Teams,35,12,3029,30,FW,2,14,12,0,0,33,2,33.7,mark bright|eng eng|1962,mark bright|1992/93
Eric Cantona,eric cantona,fr FRA,1992/93,Premier League,2 Teams,35,15,3014,26,FW,16,31,,,,33,2,33.5,eric cantona|fr fra|1966,eric cantona|1992/93
Tony Cottee,tony cottee,eng ENG,1994/95,Premier League,2 Teams,34,13,2992,29,FW,3,16,13,0,0,34,0,33.2,tony cottee|eng eng|1965,tony cottee|1994/95
David Batty,david batty,eng ENG,1995/96,Premier League,2 Teams,34,2,3015,26,MF,3,5,,,,34,0,33.5,david batty|eng eng|1969,david batty|1995/96
Steve Watson,steve watson,eng ENG,1998/99,Premier League,2 Teams,34,0,2783,24,"DF,MF",4,4,0,0,0,33,1,30.9,steve watson|eng eng|1974,steve watson|1998/99
Gary Speed,gary speed,wls WAL,1997/98,Premier League,2 Teams,34,8,3060,27,MF,1,9,,,,34,0,34,gary speed|wls wal|1970,gary speed|1997/98
Michael Hughes,michael hughes,nir NIR,1997/98,Premier League,2 Teams,34,4,2824,25,MF,3,7,4,0,0,31,3,31.4,michael hughes|nir nir|1972,michael hughes|1997/98
Darren Huckerby,darren huckerby,eng ENG,1999/00,Premier League,2 Teams,34,2,1319,23,"FW,MF",3,5,2,0,0,10,24,14.7,darren huckerby|eng eng|1976,darren huckerby|1999/00
Dion Dublin,dion dublin,eng ENG,1998/99,Premier League,2 Teams,34,14,2913,29,"DF,FW",5,19,,,,34,0,32.4,dion dublin|eng eng|1969,dion dublin|1998/99
David Burrows,david burrows,eng ENG,1994/95,Premier League,3 Teams,34,0,2939,25,DF,1,1,,,,34,0,32.7,david burrows|eng eng|1969,david burrows|1994/95
David Hirst,david hirst,eng ENG,1997/98,Premier League,2 Teams,34,9,2693,29,FW,4,13,8,1,1,31,3,29.9,david hirst|eng eng|1968,david hirst|1997/98
Mikkel Beck,mikkel beck,dk DEN,1998/99,Premier League,2 Teams,34,6,1791,25,FW,4,10,,,,19,15,19.9,mikkel beck|dk den|1973,mikkel beck|1998/99
Vinnie Jones,vinnie jones,wls WAL,1992/93,Premier League,2 Teams,34,2,2946,27,MF,1,3,1,1,2,34,0,32.7,vinnie jones|wls wal|1965,vinnie jones|1992/93
Dwight Yorke,dwight yorke,tt TRI,1998/99,Premier League,2 Teams,33,18,2871,26,"FW,MF",11,29,18,0,1,33,0,31.9,dwight yorke|tt tri|1972,dwight yorke|1998/99
Robbie Slater,robbie slater,au AUS,1996/97,Premier League,2 Teams,33,2,2261,31,MF,3,5,2,0,0,24,9,25.1,robbie slater|au aus|1965,robbie slater|1996/97
Tim Sherwood,tim sherwood,eng ENG,1998/99,Premier League,2 Teams,33,5,2709,29,MF,1,6,5,0,0,31,2,30.1,tim sherwood|eng eng|1969,tim sherwood|1998/99
Jason McAteer,jason mcateer,ie IRL,1995/96,Premier League,2 Teams,33,0,2805,24,MF,3,3,,,,31,2,31.2,jason mcateer|ie irl|1971,jason mcateer|1995/96
Paul Allen,paul allen,eng ENG,1993/94,Premier League,2 Teams,33,1,2710,30,MF,3,4,1,0,0,29,4,30.1,paul allen|eng eng|1963,paul allen|1993/94
Kevin Richardson,kevin richardson,eng ENG,1994/95,Premier League,2 Teams,33,0,2911,31,MF,3,3,0,0,0,32,1,32.3,kevin richardson|eng eng|1963,kevin richardson|1994/95
Mark Robins,mark robins,eng ENG,1994/95,Premier League,2 Teams,33,9,2624,24,FW,6,15,9,0,,29,4,29.2,mark robins|eng eng|1970,mark robins|1994/95
Ashley Ward,ashley ward,eng ENG,1997/98,Premier League,2 Teams,32,8,2693,26,FW,2,10,8,0,0,30,2,29.9,ashley ward|eng eng|1971,ashley ward|1997/98
Carlton Palmer,carlton palmer,eng ENG,1998/99,Premier League,2 Teams,32,0,2833,32,MF,1,1,0,0,0,31,1,31.5,carlton palmer|eng eng|1966,carlton palmer|1998/99
Andy Hinchcliffe,andy hinchcliffe,eng ENG,1997/98,Premier League,2 Teams,32,1,2711,28,DF,2,3,1,0,0,30,2,30.1,andy hinchcliffe|eng eng|1969,andy hinchcliffe|1997/98
Iain Dowie,iain dowie,nir NIR,1994/95,Premier League,2 Teams,32,9,2844,29,FW,1,10,,,,32,0,31.6,iain dowie|nir nir|1965,iain dowie|1994/95
Dan Petrescu,dan petrescu,ro ROU,1995/96,Premier League,2 Teams,32,2,2681,27,DF,8,10,,,,30,2,29.8,dan petrescu|ro rou|1968,dan petrescu|1995/96
Alex Mathie,alex mathie,sct SCO,1994/95,Premier League,2 Teams,31,4,1489,25,FW,0,4,4,0,0,25,6,16.5,alex mathie|sct sco|1969,alex mathie|1994/95
Julian Dicks,julian dicks,eng ENG,1993/94,Premier League,2 Teams,31,3,2759,24,DF,1,4,1,2,3,31,0,30.7,julian dicks|eng eng|1969,julian dicks|1993/94
John Hartson,john hartson,wls WAL,1998/99,Premier League,2 Teams,31,6,2445,23,FW,3,9,,,,28,3,27.2,john hartson|wls wal|1975,john hartson|1998/99
Guy Whittingham,guy whittingham,eng ENG,1994/95,Premier League,2 Teams,29,11,1925,29,FW,1,12,,,,20,9,21.4,guy whittingham|eng eng|1965,guy whittingham|1994/95
Carl Tiler,carl tiler,eng ENG,1998/99,Premier League,2 Teams,29,1,2541,28,DF,0,1,1,0,0,29,0,28.2,carl tiler|eng eng|1970,carl tiler|1998/99
Noel Whelan,noel whelan,eng ENG,1995/96,Premier League,2 Teams,29,8,2129,20,FW,3,11,,,,24,5,23.7,noel whelan|eng eng|1975,noel whelan|1995/96
Chris Kiwomya,chris kiwomya,eng ENG,1994/95,Premier League,2 Teams,29,6,1724,24,FW,3,9,6,0,0,18,11,19.2,chris kiwomya|eng eng|1970,chris kiwomya|1994/95
Mark Hughes,mark hughes,wls WAL,1999/00,Premier League,2 Teams,29,2,2420,35,FW,3,5,2,0,0,27,2,26.9,mark hughes|wls wal|1964,mark hughes|1999/00
Martin Keown,martin keown,eng ENG,1992/93,Premier League,2 Teams,29,0,2533,26,"DF,MF",0,0,0,0,0,28,1,28.1,martin keown|eng eng|1966,martin keown|1992/93
Efan Ekoku,efan ekoku,ng NGA,1994/95,Premier League,2 Teams,29,9,2455,27,FW,3,12,9,0,0,28,1,27.3,efan ekoku|ng nga|1967,efan ekoku|1994/95
David Burrows,david burrows,eng ENG,1993/94,Premier League,2 Teams,29,1,2402,24,DF,0,1,1,0,0,28,1,26.7,david burrows|eng eng|1969,david burrows|1993/94
Kevin Gallacher,kevin gallacher,sct SCO,1992/93,Premier League,2 Teams,29,11,2463,25,"FW,MF",7,18,11,0,0,28,1,27.4,kevin gallacher|sct sco|1967,kevin gallacher|1992/93
Paul Merson,paul merson,eng ENG,1998/99,Premier League,2 Teams,29,5,2159,30,"FW,MF",4,9,5,0,1,24,5,24,paul merson|eng eng|1968,paul merson|1998/99
John Beresford,john beresford,eng ENG,1997/98,Premier League,2 Teams,28,2,2365,30,DF,3,5,,,,27,1,26.3,john beresford|eng eng|1967,john beresford|1997/98
Garry Parker,garry parker,eng ENG,1994/95,Premier League,2 Teams,28,3,2379,28,MF,6,9,3,0,0,26,2,26.4,garry parker|eng eng|1966,garry parker|1994/95
Roy Wegerle,roy wegerle,us USA,1992/93,Premier League,2 Teams,28,4,1636,28,"FW,MF",0,4,4,0,0,16,12,18.2,roy wegerle|us usa|1964,roy wegerle|1992/93
Kenny Sansom,kenny sansom,eng ENG,1992/93,Premier League,2 Teams,28,1,2391,33,DF,3,4,1,0,0,27,1,26.6,kenny sansom|eng eng|1959,kenny sansom|1992/93
Garry Flitcroft,garry flitcroft,eng ENG,1995/96,Premier League,2 Teams,28,0,2286,22,MF,0,0,,,,28,0,25.4,garry flitcroft|eng eng|1973,garry flitcroft|1995/96
David Rocastle,david rocastle,eng ENG,1993/94,Premier League,2 Teams,28,3,2301,26,MF,4,7,,,,27,1,25.6,david rocastle|eng eng|1967,david rocastle|1993/94
Scott Sellars,scott sellars,eng ENG,1995/96,Premier League,2 Teams,28,3,2274,29,MF,5,8,,,,24,4,25.3,scott sellars|eng eng|1966,scott sellars|1995/96
Scot Gemmill,scot gemmill,sct SCO,1998/99,Premier League,2 Teams,27,1,2174,27,MF,1,2,1,0,0,25,2,24.2,scot gemmill|sct sco|1971,scot gemmill|1998/99
Neil Adams,neil adams,eng ENG,1993/94,Premier League,2 Teams,27,0,1738,27,MF,4,4,0,0,0,18,9,19.3,neil adams|eng eng|1966,neil adams|1993/94
Keith Gillespie,keith gillespie,nir NIR,1994/95,Premier League,2 Teams,26,3,1784,19,"FW,MF",3,6,,,,18,8,19.8,keith gillespie|nir nir|1975,keith gillespie|1994/95
Jim Magilton,jim magilton,nir NIR,1997/98,Premier League,2 Teams,26,1,1677,28,"DF,MF",0,1,1,0,0,18,8,18.6,jim magilton|nir nir|1969,jim magilton|1997/98
Lee Chapman,lee chapman,eng ENG,1994/95,Premier League,2 Teams,26,1,1572,34,FW,1,2,1,0,0,16,10,17.5,lee chapman|eng eng|1960,lee chapman|1994/95
Micky Hazard,micky hazard,eng ENG,1993/94,Premier League,2 Teams,26,2,1922,33,MF,2,4,1,1,1,20,6,21.4,micky hazard|eng eng|1960,micky hazard|1993/94
Andy Impey,andy impey,eng ENG,1998/99,Premier League,2 Teams,26,0,2070,26,"DF,MF",1,1,0,0,0,23,3,23,andy impey|eng eng|1972,andy impey|1998/99
Jason McAteer,jason mcateer,ie IRL,1998/99,Premier League,2 Teams,26,1,1889,27,MF,2,3,1,0,0,19,7,21,jason mcateer|ie irl|1971,jason mcateer|1998/99
Lars Bohinen,lars bohinen,no NOR,1995/96,Premier League,2 Teams,26,4,2125,25,MF,1,5,,,,24,2,23.6,lars bohinen|no nor|1970,lars bohinen|1995/96
Paul Williams,paul williams,eng ENG,1992/93,Premier League,2 Teams,25,1,1963,26,FW,2,3,1,0,0,22,3,21.8,paul williams|eng eng|1966,paul williams|1992/93
Dean Holdsworth,dean holdsworth,eng ENG,1997/98,Premier League,2 Teams,25,3,1753,28,FW,0,3,3,0,0,21,4,19.5,dean holdsworth|eng eng|1969,dean holdsworth|1997/98
Craig Maskell,craig maskell,eng ENG,1993/94,Premier League,2 Teams,24,4,1278,25,FW,0,4,3,1,1,14,10,14.2,craig maskell|eng eng|1968,craig maskell|1993/94
Lars Bohinen,lars bohinen,no NOR,1997/98,Premier League,2 Teams,24,2,1421,27,MF,3,5,2,0,0,14,10,15.8,lars bohinen|no nor|1970,lars bohinen|1997/98
Mike Marsh,mike marsh,eng ENG,1994/95,Premier League,2 Teams,31,2,2568,25,"FW,MF",2,4,2,0,0,28,3,28.5,mike marsh|eng eng|1969,mike marsh|1994/95
Benito Carbone,benito carbone,it ITA,1999/00,Premier League,2 Teams,31,5,2278,27,FW,5,10,4,1,1,25,6,25.3,benito carbone|it ita|1972,benito carbone|1999/00
David White,david white,eng ENG,1993/94,Premier League,2 Teams,31,6,2215,25,"FW,MF",1,7,,,,25,6,24.6,david white|eng eng|1968,david white|1993/94
Kevin Richardson,kevin richardson,eng ENG,1997/98,Premier League,2 Teams,31,0,2414,34,MF,3,3,0,0,0,28,3,26.8,kevin richardson|eng eng|1963,kevin richardson|1997/98
John Hartson,john hartson,wls WAL,1996/97,Premier League,2 Teams,30,8,2211,21,FW,3,11,8,0,0,25,5,24.6,john hartson|wls wal|1975,john hartson|1996/97
Lee Carsley,lee carsley,ie IRL,1998/99,Premier League,2 Teams,30,1,2558,24,MF,1,2,,,,27,3,28.4,lee carsley|ie irl|1974,lee carsley|1998/99
Kevin Scott,kevin scott,eng ENG,1993/94,Premier League,2 Teams,30,1,2622,26,DF,0,1,1,0,0,30,0,29.1,kevin scott|eng eng|1967,kevin scott|1993/94
Ruel Fox,ruel fox,ms MSR,1995/96,Premier League,2 Teams,30,6,2503,27,MF,6,12,,,,28,2,27.8,ruel fox|ms msr|1968,ruel fox|1995/96
Keith Gillespie,keith gillespie,nir NIR,1998/99,Premier League,2 Teams,23,1,1694,23,"FW,MF",3,4,1,0,0,18,5,18.8,keith gillespie|nir nir|1975,keith gillespie|1998/99
Graeme Le Saux,graeme le saux,eng ENG,1992/93,Premier League,2 Teams,23,0,1707,23,DF,3,3,0,0,0,19,4,19,graeme le saux|eng eng|1969,graeme le saux|1992/93
Earl Barrett,earl barrett,eng ENG,1997/98,Premier League,2 Teams,23,0,1862,30,DF,1,1,0,0,0,22,1,20.7,earl barrett|eng eng|1967,earl barrett|1997/98
Lawrie Sanchez,lawrie sanchez,nir NIR,1993/94,Premier League,2 Teams,23,2,1925,33,MF,3,5,2,0,0,21,2,21.4,lawrie sanchez|nir nir|1960,lawrie sanchez|1993/94
Earl Barrett,earl barrett,eng ENG,1994/95,Premier League,2 Teams,42,0,3680,27,DF,1,1,,,,41,1,40.9,earl barrett|eng eng|1967,earl barrett|1994/95
Teddy Sheringham,teddy sheringham,eng ENG,1992/93,Premier League,2 Teams,41,22,3663,26,FW,9,31,,,,41,0,40.7,teddy sheringham|eng eng|1966,teddy sheringham|1992/93
Dean Saunders,dean saunders,wls WAL,1992/93,Premier League,2 Teams,41,14,3640,28,FW,3,17,13,1,2,41,0,40.4,dean saunders|wls wal|1964,dean saunders|1992/93
Tim Flowers,tim flowers,eng ENG,1993/94,Premier League,2 Teams,41,0,3690,26,GK,0,0,0,0,0,41,0,41,tim flowers|eng eng|1967,tim flowers|1993/94
Neil Shipperley,neil shipperley,eng ENG,1994/95,Premier League,2 Teams,39,6,2247,19,FW,3,9,6,0,0,35,4,25,neil shipperley|eng eng|1975,neil shipperley|1994/95
Darren Peacock,darren peacock,eng ENG,1993/94,Premier League,2 Teams,39,3,3510,25,DF,2,5,,,,39,0,39,darren peacock|eng eng|1968,darren peacock|1993/94
Ruel Fox,ruel fox,ms MSR,1993/94,Premier League,2 Teams,39,9,3448,25,MF,11,20,,,,39,0,38.3,ruel fox|ms msr|1968,ruel fox|1993/94
Robert Rosario,robert rosario,eng ENG,1992/93,Premier League,2 Teams,38,5,3318,26,FW,7,12,,,,38,0,36.9,robert rosario|eng eng|1966,robert rosario|1992/93
John Scales,john scales,eng ENG,1994/95,Premier League,2 Teams,38,2,3315,28,DF,0,2,2,0,0,38,0,36.8,john scales|eng eng|1966,john scales|1994/95
Rio Ferdinand,rio ferdinand,eng ENG,2000/01,Premier League,2 Teams,35,2,3049,21,DF,0,2,2,0,0,35,0,33.9,rio ferdinand|eng eng|1979,rio ferdinand|2000/01
Pascal Chimbonda,pascal chimbonda,fr FRA,2006/07,Premier League,2 Teams,35,1,2927,27,DF,3,4,1,0,0,34,1,32.5,pascal chimbonda|fr fra|1979,pascal chimbonda|2006/07
Jermaine Jenas,jermaine jenas,eng ENG,2005/06,Premier League,2 Teams,34,6,2853,22,MF,4,10,6,0,0,33,1,31.7,jermaine jenas|eng eng|1983,jermaine jenas|2005/06
Steve Kabba,steve kabba,eng ENG,2006/07,Premier League,2 Teams,18,0,740,25,FW,2,2,0,0,0,6,12,8.2,steve kabba|eng eng|1981,steve kabba|2006/07
Dwight Yorke,dwight yorke,tt TRI,2004/05,Premier League,2 Teams,17,2,716,32,"FW,MF",0,2,2,0,0,6,11,8,dwight yorke|tt tri|1972,dwight yorke|2004/05
Florent Sinama Pongolle,florent sinama pongolle,fr FRA,2005/06,Premier League,2 Teams,17,1,979,20,FW,1,2,1,0,0,11,6,10.9,florent sinama pongolle|fr fra|1985,florent sinama pongolle|2005/06
Mark Pembridge,mark pembridge,wls WAL,2003/04,Premier League,2 Teams,16,1,1034,32,MF,2,3,1,0,0,13,3,11.5,mark pembridge|wls wal|1971,mark pembridge|2003/04
Wayne Routledge,wayne routledge,eng ENG,2005/06,Premier League,2 Teams,16,0,609,20,"FW,MF",3,3,0,0,0,5,11,6.8,wayne routledge|eng eng|1985,wayne routledge|2005/06
David Thompson,david thompson,eng ENG,2005/06,Premier League,2 Teams,16,2,813,27,MF,1,3,2,0,0,9,7,9,david thompson|eng eng|1978,david thompson|2005/06
Michael Brown,michael brown,eng ENG,2005/06,Premier League,2 Teams,16,0,774,28,MF,0,0,0,0,0,8,8,8.6,michael brown|eng eng|1977,michael brown|2005/06
Calum Davenport,calum davenport,eng ENG,2006/07,Premier League,2 Teams,16,1,1240,23,DF,1,2,1,0,0,13,3,13.8,calum davenport|eng eng|1983,calum davenport|2006/07
Michael Bridges,michael bridges,eng ENG,2003/04,Premier League,2 Teams,16,0,343,24,"FW,MF",0,0,0,0,0,1,15,3.8,michael bridges|eng eng|1979,michael bridges|2003/04
Steve Howey,steve howey,eng ENG,2003/04,Premier League,2 Teams,16,1,1188,31,DF,0,1,1,0,0,15,1,13.2,steve howey|eng eng|1972,steve howey|2003/04
David Unsworth,david unsworth,eng ENG,2006/07,Premier League,2 Teams,15,1,1011,32,DF,1,2,0,1,2,11,4,11.2,david unsworth|eng eng|1974,david unsworth|2006/07
Matt Jones,matt jones,wls WAL,2000/01,Premier League,2 Teams,15,0,994,19,MF,0,0,0,0,0,13,2,11,matt jones|wls wal|1981,matt jones|2000/01
Steve Staunton,steve staunton,ie IRL,2000/01,Premier League,2 Teams,15,0,1123,31,"DF,MF",2,2,0,0,0,13,2,12.5,steve staunton|ie irl|1969,steve staunton|2000/01
Stephen Warnock,stephen warnock,eng ENG,2006/07,Premier League,2 Teams,14,1,1220,24,DF,2,3,1,0,0,14,0,13.6,stephen warnock|eng eng|1982,stephen warnock|2006/07
Eyal Berkovic,eyal berkovic,il ISR,2003/04,Premier League,2 Teams,14,1,961,31,MF,1,2,1,0,0,10,4,10.7,eyal berkovic|il isr|1972,eyal berkovic|2003/04
Alexandre Song,alexandre song,cm CMR,2006/07,Premier League,2 Teams,14,0,1040,18,"DF,MF",1,1,0,0,0,13,1,11.6,alexandre song|cm cmr|1988,alexandre song|2006/07
Kieran Richardson,kieran richardson,eng ENG,2004/05,Premier League,2 Teams,14,3,910,19,"DF,MF",1,4,3,0,0,11,3,10.1,kieran richardson|eng eng|1985,kieran richardson|2004/05
Graham Stuart,graham stuart,eng ENG,2004/05,Premier League,2 Teams,12,0,917,33,"FW,MF",1,1,0,0,0,11,1,10.2,graham stuart|eng eng|1971,graham stuart|2004/05
Javier Mascherano,javier mascherano,ar ARG,2006/07,Premier League,2 Teams,12,0,850,22,"DF,MF",0,0,0,0,0,10,2,9.4,javier mascherano|ar arg|1984,javier mascherano|2006/07
Stan Collymore,stan collymore,eng ENG,2000/01,Premier League,2 Teams,12,3,703,29,FW,0,3,3,0,0,6,6,7.8,stan collymore|eng eng|1971,stan collymore|2000/01
Celestine Babayaro,celestine babayaro,ng NGA,2004/05,Premier League,2 Teams,11,0,908,25,"DF,MF",2,2,0,0,0,10,1,10.1,celestine babayaro|ng nga|1979,celestine babayaro|2004/05
Eric Djemba-Djemba,eric djemba-djemba,cm CMR,2004/05,Premier League,2 Teams,11,0,638,23,MF,0,0,0,0,0,7,4,7.1,eric djemba-djemba|cm cmr|1981,eric djemba-djemba|2004/05
David Ginola,david ginola,fr FRA,2001/02,Premier League,2 Teams,10,0,309,34,"FW,MF",0,0,0,0,0,2,8,3.4,david ginola|fr fra|1967,david ginola|2001/02
NoÃ© Pamarot,noa© pamarot,fr FRA,2005/06,Premier League,2 Teams,10,0,496,26,DF,0,0,0,0,0,4,6,5.5,noa© pamarot|fr fra|1979,noa© pamarot|2005/06
Salif Diao,salif diao,sn SEN,2004/05,Premier League,2 Teams,10,0,574,27,MF,0,0,0,0,0,6,4,6.4,salif diao|sn sen|1977,salif diao|2004/05
Matt Jansen,matt jansen,eng ENG,2005/06,Premier League,2 Teams,10,0,374,27,FW,1,1,0,0,0,4,6,4.2,matt jansen|eng eng|1978,matt jansen|2005/06
Svetoslav Todorov,svetoslav todorov,bg BUL,2006/07,Premier League,2 Teams,9,2,330,27,FW,0,2,2,0,,3,6,3.7,svetoslav todorov|bg bul|1979,svetoslav todorov|2006/07
Calum Davenport,calum davenport,eng ENG,2004/05,Premier League,2 Teams,8,0,509,21,DF,0,0,0,0,0,5,3,5.7,calum davenport|eng eng|1983,calum davenport|2004/05
Sander Westerveld,sander westerveld,nl NED,2005/06,Premier League,2 Teams,8,0,720,30,GK,0,0,0,0,0,8,0,8,sander westerveld|nl ned|1975,sander westerveld|2005/06
Mikael Forssell,mikael forssell,fi FIN,2004/05,Premier League,2 Teams,5,0,353,23,FW,1,1,0,0,0,4,1,3.9,mikael forssell|fi fin|1981,mikael forssell|2004/05
Jon Otsemobor,jon otsemobor,eng ENG,2003/04,Premier League,2 Teams,5,0,365,20,DF,0,0,0,0,0,5,0,4.1,jon otsemobor|eng eng|1983,jon otsemobor|2003/04
Tahar El Khalej,tahar el khalej,ma MAR,2002/03,Premier League,2 Teams,4,0,198,34,"DF,MF",0,0,0,0,0,2,2,2.2,tahar el khalej|ma mar|1968,tahar el khalej|2002/03
Marcus Bent,marcus bent,eng ENG,2001/02,Premier League,2 Teams,34,9,2171,23,FW,2,11,9,0,,23,11,24.1,marcus bent|eng eng|1978,marcus bent|2001/02
Olivier Bernard,olivier bernard,fr FRA,2004/05,Premier League,2 Teams,34,0,2781,24,DF,3,3,0,0,0,31,3,30.9,olivier bernard|fr fra|1980,olivier bernard|2004/05
Kevin Kilbane,kevin kilbane,ie IRL,2006/07,Premier League,2 Teams,33,1,2452,29,"DF,MF",6,7,1,0,0,28,5,27.2,kevin kilbane|ie irl|1977,kevin kilbane|2006/07
Louis Saha,louis saha,fr FRA,2003/04,Premier League,2 Teams,33,20,2560,24,FW,7,27,,,,29,4,28.4,louis saha|fr fra|1979,louis saha|2003/04
Paul Konchesky,paul konchesky,eng ENG,2003/04,Premier League,2 Teams,33,0,2311,22,"DF,FW",3,3,0,0,0,27,6,25.7,paul konchesky|eng eng|1981,paul konchesky|2003/04
Chris Makin,chris makin,eng ENG,2000/01,Premier League,2 Teams,33,0,2792,27,DF,3,3,0,0,0,31,2,31,chris makin|eng eng|1973,chris makin|2000/01
Ashley Young,ashley young,eng ENG,2006/07,Premier League,2 Teams,33,5,2779,21,"DF,FW",6,11,2,0,0,31,2,30.9,ashley young|eng eng|1985,ashley young|2006/07
Nolberto Solano,nolberto solano,pe PER,2005/06,Premier League,2 Teams,32,6,2329,30,MF,2,8,6,0,0,29,3,25.9,nolberto solano|pe per|1975,nolberto solano|2005/06
Dean Windass,dean windass,eng ENG,2000/01,Premier League,2 Teams,32,5,2675,31,"FW,MF",2,7,5,0,0,30,2,29.7,dean windass|eng eng|1969,dean windass|2000/01
Robbie Fowler,robbie fowler,eng ENG,2001/02,Premier League,2 Teams,32,15,2518,26,FW,4,19,12,0,1,30,2,28,robbie fowler|eng eng|1975,robbie fowler|2001/02
Emerson Thome,emerson thome,br BRA,2000/01,Premier League,2 Teams,32,1,2796,28,DF,0,1,1,0,0,31,1,31.1,emerson thome|br bra|1972,emerson thome|2000/01
Nigel Quashie,nigel quashie,sct SCO,2004/05,Premier League,2 Teams,32,1,2863,26,MF,2,3,,,,32,0,31.8,nigel quashie|sct sco|1978,nigel quashie|2004/05
Rufus Brevett,rufus brevett,eng ENG,2002/03,Premier League,2 Teams,32,0,2643,32,DF,0,0,0,0,0,31,1,29.4,rufus brevett|eng eng|1970,rufus brevett|2002/03
Robbie Keane,robbie keane,ie IRL,2002/03,Premier League,2 Teams,32,14,2524,22,FW,1,15,14,0,0,29,3,28,robbie keane|ie irl|1980,robbie keane|2002/03
Michael Ricketts,michael ricketts,eng ENG,2002/03,Premier League,2 Teams,31,7,1936,23,FW,0,7,,,,18,13,21.5,michael ricketts|eng eng|1979,michael ricketts|2002/03
Scott Parker,scott parker,eng ENG,2003/04,Premier League,2 Teams,31,3,2366,22,MF,2,5,1,0,0,27,4,26.3,scott parker|eng eng|1981,scott parker|2003/04
Marcus Bent,marcus bent,eng ENG,2005/06,Premier League,2 Teams,31,3,1792,27,FW,0,3,3,0,0,19,12,19.9,marcus bent|eng eng|1978,marcus bent|2005/06
Lucas Neill,lucas neill,au AUS,2006/07,Premier League,2 Teams,31,0,2699,28,DF,5,5,0,0,2,31,0,30,lucas neill|au aus|1978,lucas neill|2006/07
James Milner,james milner,eng ENG,2005/06,Premier League,2 Teams,30,1,2466,19,"DF,MF",8,9,1,0,0,28,2,27.4,james milner|eng eng|1986,james milner|2005/06
Jason McAteer,jason mcateer,ie IRL,2001/02,Premier League,2 Teams,30,2,2241,30,MF,3,5,2,0,0,24,6,24.9,jason mcateer|ie irl|1971,jason mcateer|2001/02
Jamie Redknapp,jamie redknapp,eng ENG,2004/05,Premier League,2 Teams,30,,2190,31,MF,3,,,,,25,5,24.3,jamie redknapp|eng eng|1973,jamie redknapp|2004/05
Lomana LuaLua,lomana lualua,cd COD,2003/04,Premier League,2 Teams,29,4,1151,22,"FW,MF",1,5,4,0,0,14,15,12.8,lomana lualua|cd cod|1981,lomana lualua|2003/04
Rob Lee,rob lee,eng ENG,2001/02,Premier League,2 Teams,29,1,2395,35,MF,3,4,1,0,0,28,1,26.6,rob lee|eng eng|1966,rob lee|2001/02
Simon Davies,simon davies,wls WAL,2006/07,Premier League,2 Teams,29,2,2343,26,MF,3,5,2,0,0,27,2,26,simon davies|wls wal|1980,simon davies|2006/07
LuÃ­s Boa Morte,lua­s boa morte,pt POR,2006/07,Premier League,2 Teams,29,1,1875,28,"FW,MF",3,4,1,0,0,20,9,20.8,lua­s boa morte|pt por|1978,lua­s boa morte|2006/07
Amdy Faye,amdy faye,sn SEN,2004/05,Premier League,2 Teams,29,0,2231,27,"DF,MF",0,0,0,0,0,25,4,24.8,amdy faye|sn sen|1977,amdy faye|2004/05
Danny Murphy,danny murphy,eng ENG,2005/06,Premier League,2 Teams,28,4,1776,28,MF,8,12,3,1,1,19,9,19.7,danny murphy|eng eng|1977,danny murphy|2005/06
Richard Dunne,richard dunne,ie IRL,2000/01,Premier League,2 Teams,28,0,2409,20,DF,0,0,0,0,0,27,1,26.8,richard dunne|ie irl|1980,richard dunne|2000/01
Jonathan Woodgate,jonathan woodgate,eng ENG,2002/03,Premier League,2 Teams,28,1,2451,22,DF,2,3,1,0,0,28,0,27.2,jonathan woodgate|eng eng|1980,jonathan woodgate|2002/03
Dean Richards,dean richards,eng ENG,2001/02,Premier League,2 Teams,28,2,2475,27,DF,1,3,2,0,0,28,0,27.5,dean richards|eng eng|1974,dean richards|2001/02
Andy O'Brien,andy o'brien,ie IRL,2000/01,Premier League,2 Teams,27,1,2310,21,DF,0,1,1,0,0,26,1,25.7,andy o'brien|ie irl|1979,andy o'brien|2000/01
John Curtis,john curtis,eng ENG,2003/04,Premier League,2 Teams,27,0,1699,24,DF,0,0,0,0,0,24,3,18.9,john curtis|eng eng|1979,john curtis|2003/04
Dean Sturridge,dean sturridge,eng ENG,2000/01,Premier League,2 Teams,27,4,1370,27,FW,4,8,4,0,0,15,12,15.2,dean sturridge|eng eng|1973,dean sturridge|2000/01
Laurent Charvet,laurent charvet,fr FRA,2000/01,Premier League,2 Teams,27,0,1970,27,DF,1,1,0,0,0,23,4,21.9,laurent charvet|fr fra|1973,laurent charvet|2000/01
Milan BaroÅ¡,milan baroa¡,cz CZE,2005/06,Premier League,2 Teams,27,8,2072,23,FW,3,11,8,0,1,24,3,23,milan baroa¡|cz cze|1982,milan baroa¡|2005/06
Robbie Savage,robbie savage,wls WAL,2004/05,Premier League,2 Teams,27,4,2337,29,MF,3,7,,,,27,0,26,robbie savage|wls wal|1975,robbie savage|2004/05
Don Hutchison,don hutchison,sct SCO,2001/02,Premier League,2 Teams,26,1,2181,30,MF,2,3,1,0,0,26,0,24.2,don hutchison|sct sco|1971,don hutchison|2001/02
Paul Jones,paul jones,wls WAL,2003/04,Premier League,3 Teams,26,0,2340,36,GK,0,0,0,0,0,26,0,26,paul jones|wls wal|1967,paul jones|2003/04
Benito Carbone,benito carbone,it ITA,2001/02,Premier League,2 Teams,26,2,2196,29,FW,8,10,2,0,0,26,0,24.4,benito carbone|it ita|1972,benito carbone|2001/02
Andy Cole,andy cole,eng ENG,2001/02,Premier League,2 Teams,26,13,1991,29,FW,5,18,9,0,0,22,4,22.1,andy cole|eng eng|1972,andy cole|2001/02
Dan Petrescu,dan petrescu,ro ROU,2000/01,Premier League,2 Teams,26,3,1964,32,DF,2,5,3,0,0,24,2,21.8,dan petrescu|ro rou|1968,dan petrescu|2000/01
Les Ferdinand,les ferdinand,eng ENG,2002/03,Premier League,2 Teams,25,4,1265,35,FW,1,5,4,0,0,16,9,14.1,les ferdinand|eng eng|1967,les ferdinand|2002/03
Lee Bowyer,lee bowyer,eng ENG,2002/03,Premier League,2 Teams,25,3,2207,25,MF,2,5,3,0,0,25,0,24.5,lee bowyer|eng eng|1977,lee bowyer|2002/03
Alan Stubbs,alan stubbs,eng ENG,2005/06,Premier League,2 Teams,24,1,1937,33,DF,0,1,1,0,0,21,3,21.5,alan stubbs|eng eng|1972,alan stubbs|2005/06
Martin Taylor,martin taylor,eng ENG,2003/04,Premier League,2 Teams,23,1,1899,23,DF,0,1,1,0,0,21,2,21.1,martin taylor|eng eng|1980,martin taylor|2003/04
Ugo Ehiogu,ugo ehiogu,eng ENG,2000/01,Premier League,2 Teams,23,3,1956,27,DF,1,4,3,0,0,22,1,21.7,ugo ehiogu|eng eng|1973,ugo ehiogu|2000/01
Abel Xavier,abel xavier,pt POR,2001/02,Premier League,2 Teams,22,1,1658,28,DF,2,3,1,0,0,20,2,18.4,abel xavier|pt por|1973,abel xavier|2001/02
Nolberto Solano,nolberto solano,pe PER,2003/04,Premier League,2 Teams,22,0,1514,28,MF,5,5,0,0,0,18,4,16.8,nolberto solano|pe per|1975,nolberto solano|2003/04
James Beattie,james beattie,eng ENG,2004/05,Premier League,2 Teams,22,4,1375,26,FW,1,5,2,2,2,18,4,15.3,james beattie|eng eng|1978,james beattie|2004/05
Gary Walsh,gary walsh,eng ENG,2000/01,Premier League,2 Teams,22,0,1972,32,GK,0,0,0,0,0,22,0,21.9,gary walsh|eng eng|1968,gary walsh|2000/01
Brian Deane,brian deane,eng ENG,2001/02,Premier League,2 Teams,22,7,1707,33,FW,1,8,7,0,0,19,3,19,brian deane|eng eng|1968,brian deane|2001/02
Kevin Campbell,kevin campbell,eng ENG,2004/05,Premier League,2 Teams,22,3,1611,34,FW,1,4,3,0,0,20,2,17.9,kevin campbell|eng eng|1970,kevin campbell|2004/05
Ben Thatcher,ben thatcher,wls WAL,2006/07,Premier League,2 Teams,22,0,1867,30,DF,2,2,0,0,0,21,1,20.7,ben thatcher|wls wal|1976,ben thatcher|2006/07
Seth Johnson,seth johnson,eng ENG,2001/02,Premier League,2 Teams,21,0,1662,22,"FW,MF",1,1,0,0,0,19,2,18.5,seth johnson|eng eng|1979,seth johnson|2001/02
Robbie Fowler,robbie fowler,eng ENG,2002/03,Premier League,2 Teams,21,4,1204,27,FW,1,5,1,1,1,14,7,13.4,robbie fowler|eng eng|1975,robbie fowler|2002/03
Djimi TraorÃ©,djimi traora©,ml MLI,2006/07,Premier League,2 Teams,21,0,1605,26,DF,0,0,0,0,0,21,0,17.8,djimi traora©|ml mli|1980,djimi traora©|2006/07
Rigobert Song,rigobert song,cm CMR,2000/01,Premier League,2 Teams,21,0,1791,24,DF,0,0,0,0,0,20,1,19.9,rigobert song|cm cmr|1976,rigobert song|2000/01
Gary Doherty,gary doherty,ie IRL,2004/05,Premier League,2 Teams,21,2,1520,24,"DF,FW",0,2,2,0,0,17,4,16.9,gary doherty|ie irl|1980,gary doherty|2004/05
David Thompson,david thompson,eng ENG,2006/07,Premier League,2 Teams,20,0,733,28,MF,1,1,0,0,0,8,12,8.1,david thompson|eng eng|1978,david thompson|2006/07
Pedro Mendes,pedro mendes,pt POR,2005/06,Premier League,2 Teams,20,3,1486,26,MF,0,3,3,0,0,17,3,16.5,pedro mendes|pt por|1979,pedro mendes|2005/06
Darren Huckerby,darren huckerby,eng ENG,2000/01,Premier League,2 Teams,20,1,954,24,"FW,MF",1,2,0,1,1,10,10,10.6,darren huckerby|eng eng|1976,darren huckerby|2000/01
Manuel Fernandes,manuel fernandes,pt POR,2006/07,Premier League,2 Teams,19,2,1309,20,MF,1,3,2,0,0,15,4,14.5,manuel fernandes|pt por|1986,manuel fernandes|2006/07
Warren Barton,warren barton,eng ENG,2001/02,Premier League,2 Teams,19,0,1618,32,DF,1,1,0,0,0,18,1,18,warren barton|eng eng|1969,warren barton|2001/02
Jermaine Pennant,jermaine pennant,eng ENG,2004/05,Premier League,2 Teams,19,0,1221,21,MF,3,3,0,0,0,13,6,13.6,jermaine pennant|eng eng|1983,jermaine pennant|2004/05
Dean Kiely,dean kiely,ie IRL,2005/06,Premier League,2 Teams,18,0,1620,34,GK,0,0,0,0,0,18,0,18,dean kiely|ie irl|1971,dean kiely|2005/06
Steven Caldwell,steven caldwell,sct SCO,2003/04,Premier League,2 Teams,18,1,1496,22,DF,1,2,1,0,0,16,2,16.6,steven caldwell|sct sco|1981,steven caldwell|2003/04
Robbie Fowler,robbie fowler,eng ENG,2005/06,Premier League,2 Teams,18,6,833,30,FW,1,7,5,0,0,9,9,9.3,robbie fowler|eng eng|1975,robbie fowler|2005/06
Benjani,benjani,zw ZIM,2007/08,Premier League,2 Teams,36,15,2896,28,FW,1,16,15,0,1,34,2,32.2,benjani|zw zim|1979,benjani|2007/08
Darren Bent,darren bent,eng ENG,2010/11,Premier League,2 Teams,36,17,3141,26,FW,1,18,14,3,3,36,0,34.9,darren bent|eng eng|1984,darren bent|2010/11
Hayden Mullins,hayden mullins,eng ENG,2008/09,Premier League,2 Teams,34,1,2022,29,MF,0,1,1,0,0,20,14,22.5,hayden mullins|eng eng|1979,hayden mullins|2008/09
Stephen Kelly,stephen kelly,ie IRL,2012/13,Premier League,2 Teams,18,0,1529,28,DF,0,0,0,0,0,16,2,17,stephen kelly|ie irl|1984,stephen kelly|2012/13
Kenwyne Jones,kenwyne jones,tt TRI,2013/14,Premier League,2 Teams,18,1,967,28,FW,1,2,1,0,0,10,8,10.7,kenwyne jones|tt tri|1985,kenwyne jones|2013/14
Bradley Orr,bradley orr,eng ENG,2011/12,Premier League,2 Teams,18,0,1289,28,DF,2,2,0,0,0,12,6,14.3,bradley orr|eng eng|1983,bradley orr|2011/12
Wayne Bridge,wayne bridge,eng ENG,2010/11,Premier League,2 Teams,18,0,1497,29,DF,2,2,0,0,0,16,2,16.6,wayne bridge|eng eng|1981,wayne bridge|2010/11
Ryan Bertrand,ryan bertrand,eng ENG,2013/14,Premier League,2 Teams,17,0,1449,23,"DF,MF",0,0,0,0,0,17,0,16.1,ryan bertrand|eng eng|1990,ryan bertrand|2013/14
Joe Cole,joe cole,eng ENG,2012/13,Premier League,2 Teams,17,3,792,30,MF,0,3,3,0,0,7,10,8.8,joe cole|eng eng|1982,joe cole|2012/13
Nedum Onuoha,nedum onuoha,eng ENG,2011/12,Premier League,2 Teams,17,0,1450,24,DF,1,1,0,0,0,16,1,16.1,nedum onuoha|eng eng|1987,nedum onuoha|2011/12
Andros Townsend,andros townsend,eng ENG,2012/13,Premier League,2 Teams,17,2,1051,21,"FW,MF",1,3,2,0,0,12,5,11.7,andros townsend|eng eng|1991,andros townsend|2012/13
George McCartney,george mccartney,nir NIR,2008/09,Premier League,2 Teams,17,0,1375,27,DF,0,0,0,0,0,16,1,15.3,george mccartney|nir nir|1981,george mccartney|2008/09
Paul Stalteri,paul stalteri,ca CAN,2007/08,Premier League,2 Teams,16,0,1368,29,"DF,MF",1,1,0,0,0,16,0,15.2,paul stalteri|ca can|1978,paul stalteri|2007/08
MÃ¡rton FÃ¼lÃ¶p,ma¡rton fa¼la¶p,hu HUN,2009/10,Premier League,2 Teams,16,0,1375,26,GK,0,0,0,0,0,15,1,15.3,ma¡rton fa¼la¶p|hu hun|1983,ma¡rton fa¼la¶p|2009/10
Alan Stubbs,alan stubbs,eng ENG,2007/08,Premier League,2 Teams,16,1,1206,35,DF,0,1,1,0,0,15,1,13.4,alan stubbs|eng eng|1972,alan stubbs|2007/08
Pascal Chimbonda,pascal chimbonda,fr FRA,2008/09,Premier League,2 Teams,16,0,1301,29,DF,1,1,0,0,0,14,2,14.5,pascal chimbonda|fr fra|1979,pascal chimbonda|2008/09
Steven Pienaar,steven pienaar,za RSA,2011/12,Premier League,2 Teams,16,4,1253,29,MF,6,10,4,0,0,14,2,13.9,steven pienaar|za rsa|1982,steven pienaar|2011/12
Kyle Walker,kyle walker,eng ENG,2010/11,Premier League,2 Teams,16,1,1341,20,"DF,MF",3,4,1,0,0,15,1,14.9,kyle walker|eng eng|1990,kyle walker|2010/11
Paul Konchesky,paul konchesky,eng ENG,2010/11,Premier League,2 Teams,16,0,1336,29,"DF,FW",1,1,0,0,0,16,0,14.8,paul konchesky|eng eng|1981,paul konchesky|2010/11
Jermaine Pennant,jermaine pennant,eng ENG,2008/09,Premier League,2 Teams,16,0,920,25,MF,4,4,0,0,0,11,5,10.2,jermaine pennant|eng eng|1983,jermaine pennant|2008/09
Steve Sidwell,steve sidwell,eng ENG,2010/11,Premier League,2 Teams,16,2,1063,27,MF,1,3,2,0,0,11,5,11.8,steve sidwell|eng eng|1983,steve sidwell|2010/11
Robbie Keane,robbie keane,ie IRL,2010/11,Premier League,2 Teams,16,2,712,30,FW,0,2,2,0,0,7,9,7.9,robbie keane|ie irl|1980,robbie keane|2010/11
John Heitinga,john heitinga,nl NED,2013/14,Premier League,2 Teams,15,1,1249,29,"DF,MF",1,2,1,0,0,14,1,13.9,john heitinga|nl ned|1984,john heitinga|2013/14
Calum Davenport,calum davenport,eng ENG,2008/09,Premier League,2 Teams,15,1,1317,25,DF,2,3,1,0,0,14,1,14.6,calum davenport|eng eng|1983,calum davenport|2008/09
Jack Wilshere,jack wilshere,eng ENG,2009/10,Premier League,2 Teams,15,1,1085,17,MF,1,2,1,0,0,13,2,12.1,jack wilshere|eng eng|1992,jack wilshere|2009/10
David Bentley,david bentley,eng ENG,2010/11,Premier League,2 Teams,15,0,924,25,MF,1,1,0,0,0,10,5,10.3,david bentley|eng eng|1985,david bentley|2010/11
Johan Djourou,johan djourou,ch SUI,2007/08,Premier League,2 Teams,15,0,1258,20,DF,0,0,0,0,0,14,1,14,johan djourou|ch sui|1987,johan djourou|2007/08
Seol Ki-hyeon,seol ki-hyeon,kr KOR,2007/08,Premier League,2 Teams,15,0,498,28,"FW,MF",1,1,0,0,0,6,9,5.5,seol ki-hyeon|kr kor|1979,seol ki-hyeon|2007/08
Kieran Richardson,kieran richardson,eng ENG,2012/13,Premier League,2 Teams,15,1,909,27,"DF,MF",0,1,1,0,0,13,2,10.1,kieran richardson|eng eng|1985,kieran richardson|2012/13
SÃ©bastien Bassong,sa©bastien bassong,cm CMR,2011/12,Premier League,2 Teams,14,0,910,25,DF,0,0,0,0,0,10,4,10.1,sa©bastien bassong|cm cmr|1986,sa©bastien bassong|2011/12
Craig Gardner,craig gardner,eng ENG,2009/10,Premier League,2 Teams,14,1,903,22,MF,1,2,1,0,0,10,4,10,craig gardner|eng eng|1987,craig gardner|2009/10
Tal Ben Haim,tal ben haim,il ISR,2008/09,Premier League,2 Teams,14,0,1201,26,DF,0,0,0,0,0,13,1,13.3,tal ben haim|il isr|1982,tal ben haim|2008/09
EiÃ°ur GuÃ°johnsen,eia°ur gua°johnsen,is ISL,2010/11,Premier League,2 Teams,14,0,481,31,"FW,MF",1,1,0,0,0,4,10,5.3,eia°ur gua°johnsen|is isl|1979,eia°ur gua°johnsen|2010/11
Gary Cahill,gary cahill,eng ENG,2007/08,Premier League,2 Teams,14,0,1193,21,DF,0,0,0,0,0,13,1,13.3,gary cahill|eng eng|1986,gary cahill|2007/08
Manucho,manucho,ao ANG,2008/09,Premier League,2 Teams,14,2,674,25,FW,1,3,2,0,0,6,8,7.5,manucho|ao ang|1983,manucho|2008/09
Wilfried Zaha,wilfried zaha,ci CIV,2013/14,Premier League,2 Teams,14,0,616,20,"FW,MF",1,1,0,0,0,5,9,6.8,wilfried zaha|ci civ|1993,wilfried zaha|2013/14
FÃ¡bio,fa¡bio,br BRA,2013/14,Premier League,2 Teams,14,0,1083,23,DF,0,0,0,0,0,14,0,12,fa¡bio|br bra|1990,fa¡bio|2013/14
Jermaine Jenas,jermaine jenas,eng ENG,2012/13,Premier League,2 Teams,13,2,828,29,MF,0,2,2,0,0,8,5,9.2,jermaine jenas|eng eng|1983,jermaine jenas|2012/13
Asmir BegoviÄ,asmir begovia,ba BIH,2009/10,Premier League,2 Teams,13,0,1062,22,GK,0,0,0,0,0,11,2,11.8,asmir begovia|ba bih|1987,asmir begovia|2009/10
Scott Sinclair,scott sinclair,eng ENG,2012/13,Premier League,2 Teams,12,1,212,23,"FW,MF",0,1,1,0,0,2,10,2.4,scott sinclair|eng eng|1989,scott sinclair|2012/13
GaÃ«l Kakuta,gaa«l kakuta,cd COD,2010/11,Premier League,2 Teams,12,1,360,19,"FW,MF",0,1,1,0,0,3,9,4,gaa«l kakuta|cd cod|1991,gaa«l kakuta|2010/11
Yossi Benayoun,yossi benayoun,il ISR,2012/13,Premier League,2 Teams,12,0,374,32,MF,1,1,0,0,0,4,8,4.2,yossi benayoun|il isr|1980,yossi benayoun|2012/13
Nicky Shorey,nicky shorey,eng ENG,2009/10,Premier League,2 Teams,12,0,1080,28,"DF,MF",1,1,0,0,0,12,0,12,nicky shorey|eng eng|1981,nicky shorey|2009/10
Stephen Ireland,stephen ireland,ie IRL,2010/11,Premier League,2 Teams,12,0,555,23,MF,0,0,0,0,0,6,6,6.2,stephen ireland|ie irl|1987,stephen ireland|2010/11
Carlos Vela,carlos vela,mx MEX,2010/11,Premier League,2 Teams,12,3,386,21,"FW,MF",1,4,3,0,0,3,9,4.3,carlos vela|mx mex|1989,carlos vela|2010/11
Darron Gibson,darron gibson,ie IRL,2011/12,Premier League,2 Teams,12,1,1015,23,MF,2,3,1,0,0,12,0,11.3,darron gibson|ie irl|1988,darron gibson|2011/12
Emmanuel Frimpong,emmanuel frimpong,gh GHA,2011/12,Premier League,2 Teams,11,0,504,19,MF,1,1,0,0,0,8,3,5.6,emmanuel frimpong|gh gha|1992,emmanuel frimpong|2011/12
Fraizer Campbell,fraizer campbell,eng ENG,2008/09,Premier League,2 Teams,11,1,362,20,FW,0,1,1,0,0,2,9,4,fraizer campbell|eng eng|1988,fraizer campbell|2008/09
Roque Santa Cruz,roque santa cruz,py PAR,2010/11,Premier League,2 Teams,10,0,565,28,FW,0,0,0,0,0,7,3,6.3,roque santa cruz|py par|1982,roque santa cruz|2010/11
Benjani,benjani,zw ZIM,2009/10,Premier League,2 Teams,10,0,252,30,FW,1,1,0,0,0,2,8,2.8,benjani|zw zim|1979,benjani|2009/10
Andy Reid,andy reid,ie IRL,2010/11,Premier League,2 Teams,7,0,204,28,MF,0,0,0,0,0,2,5,2.3,andy reid|ie irl|1982,andy reid|2010/11
Josh McEachran,josh mceachran,eng ENG,2011/12,Premier League,2 Teams,6,0,143,18,MF,0,0,0,0,0,1,5,1.6,josh mceachran|eng eng|1993,josh mceachran|2011/12
Ryan Nelsen,ryan nelsen,nz NZL,2011/12,Premier League,2 Teams,6,0,206,33,DF,0,0,0,0,0,1,5,2.3,ryan nelsen|nz nzl|1978,ryan nelsen|2011/12
JonÃ¡s GutiÃ©rrez,jona¡s gutia©rrez,ar ARG,2013/14,Premier League,2 Teams,6,0,259,30,MF,0,0,0,0,0,3,3,2.9,jona¡s gutia©rrez|ar arg|1983,jona¡s gutia©rrez|2013/14
Carlo Cudicini,carlo cudicini,it ITA,2008/09,Premier League,2 Teams,6,0,540,34,GK,0,0,0,0,0,6,0,6,carlo cudicini|it ita|1974,carlo cudicini|2008/09
Federico Macheda,federico macheda,it ITA,2011/12,Premier League,2 Teams,6,0,84,19,FW,0,0,0,0,0,0,6,0.9,federico macheda|it ita|1992,federico macheda|2011/12
Harry Kane,harry kane,eng ENG,2012/13,Premier League,2 Teams,4,0,141,19,FW,0,0,0,0,0,1,3,1.6,harry kane|eng eng|1993,harry kane|2012/13
Wayne Routledge,wayne routledge,eng ENG,2007/08,Premier League,2 Teams,3,0,99,22,"FW,MF",0,0,0,0,0,1,2,1.1,wayne routledge|eng eng|1985,wayne routledge|2007/08
Emile Heskey,emile heskey,eng ENG,2008/09,Premier League,2 Teams,34,5,2605,30,FW,2,7,5,0,0,31,3,28.9,emile heskey|eng eng|1978,emile heskey|2008/09
Demba Ba,demba ba,sn SEN,2012/13,Premier League,2 Teams,34,15,2532,27,FW,0,15,14,1,1,30,4,28.1,demba ba|sn sen|1985,demba ba|2012/13
Anton Ferdinand,anton ferdinand,eng ENG,2011/12,Premier League,2 Teams,34,0,3019,26,DF,2,2,0,0,0,34,0,33.5,anton ferdinand|eng eng|1985,anton ferdinand|2011/12
Marlon King,marlon king,jm JAM,2008/09,Premier League,2 Teams,33,7,2468,28,FW,2,9,5,2,2,28,5,27.4,marlon king|jm jam|1980,marlon king|2008/09
James Milner,james milner,eng ENG,2010/11,Premier League,2 Teams,33,1,2134,24,"DF,MF",6,7,1,0,0,24,9,23.7,james milner|eng eng|1986,james milner|2010/11
Michael Turner,michael turner,eng ENG,2009/10,Premier League,2 Teams,33,1,2909,25,DF,0,1,1,0,0,33,0,32.3,michael turner|eng eng|1984,michael turner|2009/10
Romelu Lukaku,romelu lukaku,be BEL,2013/14,Premier League,2 Teams,33,15,2598,20,FW,6,21,15,0,0,29,4,28.9,romelu lukaku|be bel|1993,romelu lukaku|2013/14
Peter Crouch,peter crouch,eng ENG,2011/12,Premier League,2 Teams,33,10,2772,30,FW,2,12,10,0,0,32,1,30.8,peter crouch|eng eng|1981,peter crouch|2011/12
Joey Barton,joey barton,eng ENG,2011/12,Premier League,2 Teams,33,3,2852,28,MF,3,6,3,0,0,33,0,31.7,joey barton|eng eng|1983,joey barton|2011/12
Robbie Keane,robbie keane,ie IRL,2008/09,Premier League,2 Teams,33,10,2508,28,FW,7,17,8,2,2,30,3,27.9,robbie keane|ie irl|1980,robbie keane|2008/09
David Nugent,david nugent,eng ENG,2009/10,Premier League,2 Teams,33,6,1906,24,FW,2,8,6,0,0,20,13,21.2,david nugent|eng eng|1985,david nugent|2009/10
Sylvain Distin,sylvain distin,fr FRA,2009/10,Premier League,2 Teams,32,0,2859,31,DF,1,1,0,0,0,32,0,31.8,sylvain distin|fr fra|1978,sylvain distin|2009/10
Wilson Palacios,wilson palacios,hn HON,2008/09,Premier League,2 Teams,32,0,2794,24,MF,0,0,0,0,0,32,0,31,wilson palacios|hn hon|1984,wilson palacios|2008/09
Nicolas Anelka,nicolas anelka,fr FRA,2007/08,Premier League,2 Teams,32,11,2572,28,FW,4,15,,,,28,4,28.6,nicolas anelka|fr fra|1979,nicolas anelka|2007/08
Dimitar Berbatov,dimitar berbatov,bg BUL,2008/09,Premier League,2 Teams,32,9,2564,27,FW,9,18,9,0,0,29,3,28.5,dimitar berbatov|bg bul|1981,dimitar berbatov|2008/09
Mousa DembÃ©lÃ©,mousa demba©la©,be BEL,2012/13,Premier League,2 Teams,32,1,2374,25,MF,3,4,1,0,0,28,4,26.4,mousa demba©la©|be bel|1987,mousa demba©la©|2012/13
Stephen Warnock,stephen warnock,eng ENG,2009/10,Premier League,2 Teams,31,0,2680,27,DF,3,3,0,0,0,31,0,29.8,stephen warnock|eng eng|1982,stephen warnock|2009/10
Samir Nasri,samir nasri,fr FRA,2011/12,Premier League,2 Teams,31,5,2249,24,"FW,MF",9,14,5,0,0,27,4,25,samir nasri|fr fra|1987,samir nasri|2011/12
Kevin Nolan,kevin nolan,eng ENG,2008/09,Premier League,2 Teams,31,0,2561,26,MF,4,4,0,0,1,30,1,28.5,kevin nolan|eng eng|1982,kevin nolan|2008/09
Charles N'Zogbia,charles n'zogbia,fr FRA,2008/09,Premier League,2 Teams,31,2,2402,22,"DF,FW",2,4,2,0,0,27,4,26.7,charles n'zogbia|fr fra|1986,charles n'zogbia|2008/09
Zat Knight,zat knight,eng ENG,2007/08,Premier League,2 Teams,31,1,2516,27,DF,1,2,1,0,0,29,2,28,zat knight|eng eng|1980,zat knight|2007/08
Danny Graham,danny graham,eng ENG,2012/13,Premier League,2 Teams,31,3,1853,26,FW,2,5,3,0,0,21,10,20.6,danny graham|eng eng|1986,danny graham|2012/13
Glen Johnson,glen johnson,eng ENG,2007/08,Premier League,2 Teams,31,1,2715,22,DF,4,5,1,0,0,30,1,30.2,glen johnson|eng eng|1985,glen johnson|2007/08
Yakubu Aiyegbeni,yakubu aiyegbeni,ng NGA,2007/08,Premier League,2 Teams,31,15,2303,24,FW,2,17,14,1,1,28,3,25.6,yakubu aiyegbeni|ng nga|1983,yakubu aiyegbeni|2007/08
Mikel Arteta,mikel arteta,es ESP,2011/12,Premier League,2 Teams,31,7,2597,29,MF,2,9,6,1,1,30,1,28.9,mikel arteta|es esp|1982,mikel arteta|2011/12
Jermain Defoe,jermain defoe,eng ENG,2007/08,Premier League,2 Teams,31,12,1605,24,FW,2,14,10,2,3,15,16,17.8,jermain defoe|eng eng|1983,jermain defoe|2007/08
Shane Long,shane long,ie IRL,2013/14,Premier League,2 Teams,30,7,2238,26,FW,2,9,7,0,0,26,4,24.9,shane long|ie irl|1987,shane long|2013/14
Peter Odemwingie,peter odemwingie,ng NGA,2013/14,Premier League,2 Teams,30,6,2083,32,FW,1,7,6,0,0,26,4,23.1,peter odemwingie|ng nga|1981,peter odemwingie|2013/14
James Collins,james collins,wls WAL,2009/10,Premier League,2 Teams,30,1,2639,25,DF,0,1,1,0,0,29,1,29.3,james collins|wls wal|1984,james collins|2009/10
Raul Meireles,raul meireles,pt POR,2011/12,Premier League,2 Teams,30,2,1964,28,MF,4,6,2,0,0,23,7,21.8,raul meireles|pt por|1983,raul meireles|2011/12
YounÃ¨s Kaboul,youna¨s kaboul,fr FRA,2009/10,Premier League,2 Teams,29,3,2497,23,DF,0,3,3,0,0,27,2,27.7,youna¨s kaboul|fr fra|1986,youna¨s kaboul|2009/10
Matthew Taylor,matthew taylor,eng ENG,2007/08,Premier League,2 Teams,29,4,1827,25,"DF,MF",2,6,3,1,2,19,10,20.3,matthew taylor|eng eng|1982,matthew taylor|2007/08
Cameron Jerome,cameron jerome,eng ENG,2013/14,Premier League,2 Teams,29,2,1754,26,FW,1,3,2,0,0,20,9,19.5,cameron jerome|eng eng|1987,cameron jerome|2013/14
Danny Higginbotham,danny higginbotham,gi GIB,2008/09,Premier League,2 Teams,29,1,2553,29,DF,3,4,0,1,1,29,0,28.4,danny higginbotham|gi gib|1979,danny higginbotham|2008/09
Gary Cahill,gary cahill,eng ENG,2011/12,Premier League,2 Teams,29,3,2494,25,DF,0,3,3,0,0,28,1,27.7,gary cahill|eng eng|1986,gary cahill|2011/12
Bobby Zamora,bobby zamora,eng ENG,2011/12,Premier League,2 Teams,29,7,2363,30,FW,5,12,6,1,1,28,1,26.3,bobby zamora|eng eng|1981,bobby zamora|2011/12
Nicklas Bendtner,nicklas bendtner,dk DEN,2011/12,Premier League,2 Teams,29,8,2236,23,FW,5,13,7,1,1,25,4,24.8,nicklas bendtner|dk den|1988,nicklas bendtner|2011/12
El Hadji Diouf,el hadji diouf,sn SEN,2008/09,Premier League,2 Teams,28,1,2155,27,"FW,MF",0,1,1,0,1,24,4,23.9,el hadji diouf|sn sen|1981,el hadji diouf|2008/09
Ki Sung-yueng,ki sung-yueng,kr KOR,2013/14,Premier League,2 Teams,28,3,2196,24,MF,1,4,2,1,1,25,3,24.4,ki sung-yueng|kr kor|1989,ki sung-yueng|2013/14
Juan Mata,juan mata,es ESP,2013/14,Premier League,2 Teams,28,6,2051,25,"FW,MF",6,12,6,0,0,25,3,22.8,juan mata|es esp|1988,juan mata|2013/14
StÃ©phane SessÃ¨gnon,sta©phane sessa¨gnon,bj BEN,2013/14,Premier League,2 Teams,28,5,2068,29,"FW,MF",1,6,5,0,0,25,3,23,sta©phane sessa¨gnon|bj ben|1984,sta©phane sessa¨gnon|2013/14
Niko KranjÄar,niko kranjaar,hr CRO,2009/10,Premier League,2 Teams,28,6,2012,24,MF,6,12,6,0,0,23,5,22.4,niko kranjaar|hr cro|1985,niko kranjaar|2009/10
Louis Saha,louis saha,fr FRA,2011/12,Premier League,2 Teams,28,4,1678,32,FW,1,5,4,0,0,20,8,18.6,louis saha|fr fra|1979,louis saha|2011/12
Gary O'Neil,gary o'neil,eng ENG,2007/08,Premier League,2 Teams,28,0,2330,24,MF,3,3,0,0,0,27,1,25.9,gary o'neil|eng eng|1983,gary o'neil|2007/08
Jamie O'Hara,jamie o'hara,eng ENG,2009/10,Premier League,2 Teams,28,2,2264,22,MF,4,6,2,0,1,25,3,25.2,jamie o'hara|eng eng|1987,jamie o'hara|2009/10
Jonathan Woodgate,jonathan woodgate,eng ENG,2007/08,Premier League,2 Teams,28,1,2438,27,DF,0,1,1,0,0,28,0,27.1,jonathan woodgate|eng eng|1980,jonathan woodgate|2007/08
Danny Collins,danny collins,wls WAL,2009/10,Premier League,2 Teams,28,0,2351,28,DF,1,1,0,0,0,25,3,26.1,danny collins|wls wal|1981,danny collins|2009/10
Shaun Wright-Phillips,shaun wright-phillips,eng ENG,2008/09,Premier League,2 Teams,28,5,2436,26,"FW,MF",4,9,5,0,0,27,1,27.1,shaun wright-phillips|eng eng|1982,shaun wright-phillips|2008/09
Robbie Savage,robbie savage,wls WAL,2007/08,Premier League,2 Teams,28,0,2157,32,MF,0,0,0,0,0,26,2,24,robbie savage|wls wal|1975,robbie savage|2007/08
Papa Bouba Diop,papa bouba diop,sn SEN,2007/08,Premier League,2 Teams,27,0,2173,29,"DF,MF",3,3,0,0,0,25,2,24.1,papa bouba diop|sn sen|1978,papa bouba diop|2007/08
Matthew Etherington,matthew etherington,eng ENG,2008/09,Premier League,2 Teams,27,2,1787,26,MF,3,5,2,0,0,20,7,19.9,matthew etherington|eng eng|1982,matthew etherington|2008/09
Jermain Defoe,jermain defoe,eng ENG,2008/09,Premier League,2 Teams,27,11,2055,25,FW,4,15,9,2,3,23,4,22.8,jermain defoe|eng eng|1983,jermain defoe|2008/09
Lewis Holtby,lewis holtby,de GER,2013/14,Premier League,2 Teams,26,2,1490,22,MF,3,5,2,0,0,17,9,16.6,lewis holtby|de ger|1991,lewis holtby|2013/14
Kevin Kilbane,kevin kilbane,ie IRL,2008/09,Premier League,2 Teams,26,0,1583,31,"DF,MF",0,0,0,0,0,18,8,17.6,kevin kilbane|ie irl|1977,kevin kilbane|2008/09
Steven Pienaar,steven pienaar,za RSA,2010/11,Premier League,2 Teams,26,1,2060,28,MF,1,2,1,0,0,23,3,22.9,steven pienaar|za rsa|1982,steven pienaar|2010/11
Michael Brown,michael brown,eng ENG,2009/10,Premier League,2 Teams,26,2,2076,32,MF,4,6,2,0,0,24,2,23.1,michael brown|eng eng|1977,michael brown|2009/10
Andy Carroll,andy carroll,eng ENG,2010/11,Premier League,2 Teams,26,13,2070,21,FW,3,16,13,0,0,23,3,23,andy carroll|eng eng|1989,andy carroll|2010/11
Andy Carroll,andy carroll,eng ENG,2012/13,Premier League,2 Teams,26,7,1953,23,FW,4,11,6,1,1,22,4,21.7,andy carroll|eng eng|1989,andy carroll|2012/13
Nikica JelaviÄ,nikica jelavia,hr CRO,2013/14,Premier League,2 Teams,25,5,1687,27,FW,1,6,5,0,1,21,4,18.7,nikica jelavia|hr cro|1986,nikica jelavia|2013/14
Daniel Sturridge,daniel sturridge,eng ENG,2010/11,Premier League,2 Teams,25,8,1132,20,"FW,MF",0,8,8,0,0,11,14,12.6,daniel sturridge|eng eng|1990,daniel sturridge|2010/11
Luke Young,luke young,eng ENG,2011/12,Premier League,2 Teams,25,2,2175,32,DF,1,3,2,0,0,25,0,24.2,luke young|eng eng|1979,luke young|2011/12
Victor Anichebe,victor anichebe,ng NGA,2013/14,Premier League,2 Teams,25,3,1221,25,FW,3,6,3,0,0,11,14,13.6,victor anichebe|ng nga|1988,victor anichebe|2013/14
Mido,mido,eg EGY,2008/09,Premier League,2 Teams,25,6,1378,25,FW,0,6,5,1,1,15,10,15.3,mido|eg egy|1983,mido|2008/09
Armand TraorÃ©,armand traora©,sn SEN,2011/12,Premier League,2 Teams,24,0,1703,21,"DF,MF",3,3,0,0,0,19,5,18.9,armand traora©|sn sen|1990,armand traora©|2011/12
James McFadden,james mcfadden,sct SCO,2007/08,Premier League,2 Teams,24,6,1396,24,"FW,MF",4,10,4,2,2,15,9,15.5,james mcfadden|sct sco|1983,james mcfadden|2007/08
Nolberto Solano,nolberto solano,pe PER,2007/08,Premier League,2 Teams,24,4,1282,32,MF,1,5,4,0,0,14,10,14.2,nolberto solano|pe per|1975,nolberto solano|2007/08
Craig Bellamy,craig bellamy,wls WAL,2008/09,Premier League,2 Teams,24,8,1862,29,FW,0,8,8,0,0,20,4,20.7,craig bellamy|wls wal|1979,craig bellamy|2008/09
Victor Moses,victor moses,ng NGA,2012/13,Premier League,2 Teams,24,1,1215,21,"FW,MF",1,2,1,0,0,13,11,13.5,victor moses|ng nga|1991,victor moses|2012/13
Wilson Palacios,wilson palacios,hn HON,2007/08,Premier League,2 Teams,23,0,1728,23,MF,1,1,0,0,0,20,3,19.2,wilson palacios|hn hon|1984,wilson palacios|2007/08
Abdoulaye Faye,abdoulaye faye,sn SEN,2007/08,Premier League,2 Teams,23,1,1741,29,"DF,MF",0,1,1,0,0,21,2,19.3,abdoulaye faye|sn sen|1978,abdoulaye faye|2007/08
Ryan Taylor,ryan taylor,eng ENG,2008/09,Premier League,2 Teams,22,2,1641,23,"DF,MF",2,4,2,0,0,19,3,18.2,ryan taylor|eng eng|1985,ryan taylor|2008/09
Wayne Bridge,wayne bridge,eng ENG,2008/09,Premier League,2 Teams,22,0,1670,27,DF,0,0,0,0,0,19,3,18.6,wayne bridge|eng eng|1981,wayne bridge|2008/09
Daniel Sturridge,daniel sturridge,eng ENG,2012/13,Premier League,2 Teams,21,11,1253,22,"FW,MF",3,14,10,1,1,12,9,13.9,daniel sturridge|eng eng|1990,daniel sturridge|2012/13
Henri Camara,henri camara,sn SEN,2008/09,Premier League,2 Teams,21,2,569,31,FW,0,2,2,0,0,3,18,6.3,henri camara|sn sen|1977,henri camara|2008/09
JÃ´,ja´,br BRA,2008/09,Premier League,2 Teams,21,6,1508,21,FW,3,9,5,1,1,17,4,16.8,ja´|br bra|1987,ja´|2008/09
Paul McShane,paul mcshane,ie IRL,2008/09,Premier League,2 Teams,20,1,1522,22,DF,0,1,1,0,0,17,3,16.9,paul mcshane|ie irl|1986,paul mcshane|2008/09
Yossi Benayoun,yossi benayoun,il ISR,2011/12,Premier League,2 Teams,20,4,906,31,MF,1,5,4,0,0,10,10,10.1,yossi benayoun|il isr|1980,yossi benayoun|2011/12
John Carew,john carew,no NOR,2010/11,Premier League,2 Teams,20,1,1153,30,FW,1,2,1,0,1,13,7,12.8,john carew|no nor|1980,john carew|2010/11
Joleon Lescott,joleon lescott,eng ENG,2009/10,Premier League,2 Teams,19,1,1656,26,DF,1,2,1,0,0,18,1,18.4,joleon lescott|eng eng|1983,joleon lescott|2009/10
Alan Hutton,alan hutton,sct SCO,2009/10,Premier League,2 Teams,19,0,1182,24,DF,1,1,0,0,0,12,7,13.1,alan hutton|sct sco|1985,alan hutton|2009/10
Lassana Diarra,lassana diarra,fr FRA,2007/08,Premier League,2 Teams,19,1,1370,22,MF,0,1,1,0,0,15,4,15.2,lassana diarra|fr fra|1985,lassana diarra|2007/08
Marouane Fellaini,marouane fellaini,be BEL,2013/14,Premier League,2 Teams,19,0,1374,25,MF,1,1,0,0,0,15,4,15.3,marouane fellaini|be bel|1988,marouane fellaini|2013/14
Benni McCarthy,benni mccarthy,za RSA,2009/10,Premier League,2 Teams,19,1,870,31,FW,3,4,1,0,0,9,10,9.7,benni mccarthy|za rsa|1978,benni mccarthy|2009/10
Jimmy Bullard,jimmy bullard,eng ENG,2008/09,Premier League,2 Teams,19,2,1585,29,MF,3,5,2,0,0,18,1,17.6,jimmy bullard|eng eng|1979,jimmy bullard|2008/09
James Milner,james milner,eng ENG,2008/09,Premier League,2 Teams,38,3,3061,22,"DF,MF",8,11,3,0,0,33,5,34,james milner|eng eng|1986,james milner|2008/09
Shay Given,shay given,ie IRL,2008/09,Premier League,2 Teams,37,0,3330,32,GK,0,0,0,0,0,37,0,37,shay given|ie irl|1976,shay given|2008/09
Richard Dunne,richard dunne,ie IRL,2009/10,Premier League,2 Teams,37,3,3311,29,DF,0,3,3,0,0,37,0,36.8,richard dunne|ie irl|1980,richard dunne|2009/10
Vedran Äorluka,vedran aorluka,hr CRO,2008/09,Premier League,2 Teams,37,1,3233,22,DF,3,4,1,0,0,36,1,35.9,vedran aorluka|hr cro|1986,vedran aorluka|2008/09
Fernando Torres,fernando torres,es ESP,2010/11,Premier League,2 Teams,37,10,2656,26,FW,4,14,10,0,0,30,7,29.5,fernando torres|es esp|1984,fernando torres|2010/11